region_pair,arch,tunnel,workload,loss_pct,n_runs,connect_max_ms_mean,connect_max_ms_stdev,connect_mean_ms_mean,connect_mean_ms_stdev,connect_min_ms_mean,connect_min_ms_stdev,connect_sd_ms_mean,connect_sd_ms_stdev,cpu_pct_mean_mean,cpu_pct_mean_stdev,goodput_tcp_mbps_mean,goodput_tcp_mbps_stdev,goodput_udp_mbps_mean,goodput_udp_mbps_stdev,h2load_done_mean,h2load_done_stdev,h2load_errored_mean,h2load_errored_stdev,h2load_failed_mean,h2load_failed_stdev,h2load_succeeded_mean,h2load_succeeded_stdev,h2load_total_mean,h2load_total_stdev,http_2xx_mean,http_2xx_stdev,http_4xx_mean,http_4xx_stdev,http_5xx_mean,http_5xx_stdev,http_success_pct_mean,http_success_pct_stdev,n_curl_attempts_mean,n_curl_attempts_stdev,n_curl_ok_mean,n_curl_ok_stdev,observed_loss_pct_mean,observed_loss_pct_stdev,req_max_ms_mean,req_max_ms_stdev,req_mean_ms_mean,req_mean_ms_stdev,req_min_ms_mean,req_min_ms_stdev,req_per_sec_mean,req_per_sec_stdev,req_sd_ms_mean,req_sd_ms_stdev,retrans_count_mean,retrans_count_stdev,rtt_max_ms_mean,rtt_max_ms_stdev,rtt_mdev_ms_mean,rtt_mdev_ms_stdev,rtt_mean_ms_mean,rtt_mean_ms_stdev,rtt_min_ms_mean,rtt_min_ms_stdev,rx_bytes_delta_mean,rx_bytes_delta_stdev,ttfb_max_ms_mean,ttfb_max_ms_stdev,ttfb_mean_ms_mean,ttfb_mean_ms_stdev,ttfb_min_ms_mean,ttfb_min_ms_stdev,ttfb_p50_ms_mean,ttfb_p50_ms_stdev,ttfb_p95_ms_mean,ttfb_p95_ms_stdev,ttfb_p99_ms_mean,ttfb_p99_ms_stdev,ttfb_sd_ms_mean,ttfb_sd_ms_stdev,tx_bytes_delta_mean,tx_bytes_delta_stdev,anomaly_count
HIGH-arm,arm64,wireguard-tcp-fast,long-transfer,0.0,3,,,,,,,,,39.094,3.406,450.842,11.094,999.351,0.055,,,,,,,,,,,,,,,,,,,,,,,,,,,,,,,,,,,0,0.0,,,,,,,,,0,0.0,,,,,,,,,,,,,,,0,0.0,24
HIGH-arm,arm64,wireguard-tcp-fast,long-transfer,0.5,3,,,,,,,,,41.108,3.511,443.663,14.171,999.19,0.225,,,,,,,,,,,,,,,,,,,,,,,,,,,,,,,,,,,0,0.0,,,,,,,,,0,0.0,,,,,,,,,,,,,,,0,0.0,35
HIGH-arm,arm64,wireguard-tcp-fast,long-transfer,1.0,3,,,,,,,,,37.225,0.996,430.051,17.398,999.221,0.247,,,,,,,,,,,,,,,,,,,,,,,,,,,,,,,,,,,0,0.0,,,,,,,,,0,0.0,,,,,,,,,,,,,,,0,0.0,33
HIGH-arm,arm64,wireguard-tcp-fast,long-transfer,2.0,3,,,,,,,,,41.009,3.144,445.327,36.431,999.505,0.108,,,,,,,,,,,,,,,,,,,,,,,,,,,,,,,,,,,0,0.0,,,,,,,,,0,0.0,,,,,,,,,,,,,,,0,0.0,25
HIGH-arm,arm64,wireguard-tcp-fast,long-transfer,3.0,3,,,,,,,,,37.13,0.475,438.74,13.798,999.127,0.157,,,,,,,,,,,,,,,,,,,,,,,,,,,,,,,,,,,0,0.0,,,,,,,,,0,0.0,,,,,,,,,,,,,,,0,0.0,23
HIGH-arm,arm64,wireguard-tcp-fast,long-transfer,5.0,3,,,,,,,,,37.394,1.051,436.71,10.59,999.078,0.129,,,,,,,,,,,,,,,,,,,,,,,,,,,,,,,,,,,0,0.0,,,,,,,,,0,0.0,,,,,,,,,,,,,,,0,0.0,29
HIGH-arm,arm64,wireguard-tcp-fast,long-transfer,10.0,3,,,,,,,,,,,610.55,272.282,999.24,0.91,,,,,,,,,,,,,,,,,,,,,,,,,,,,,,,,,,,0,0.0,,,,,,,,,168,145.492,,,,,,,,,,,,,,,0,0.0,8
HIGH-arm,arm64,wireguard-tcp-fast,long-transfer,20.0,3,,,,,,,,,,,763.773,127.786,996.923,0.166,,,,,,,,,,,,,,,,,,,,,,,,,,,,,,,,,,,0,0.0,,,,,,,,,0,0.0,,,,,,,,,,,,,,,0,0.0,30
HIGH-arm,arm64,wireguard-tcp-fast,short-transfer,0.0,3,,,,,,,,,3.119,3.458,,,,,,,,,,,,,,,,,,,,,100.0,0.0,600,0.0,600,0.0,,,,,,,,,0.821,0.006,,,,,,,,,,,,,214.667,295.739,,,,,,,599.672,0.978,731.971,113.635,799.167,0.269,,,0,0.0,21
HIGH-arm,arm64,wireguard-tcp-fast,short-transfer,0.5,3,,,,,,,,,8.309,6.262,,,,,,,,,,,,,,,,,,,,,100.0,0.0,600,0.0,600,0.0,,,,,,,,,0.833,0.01,,,,,,,,,,,,,0,0.0,,,,,,,600.02,0.193,732.28,113.117,799.488,0.254,,,0,0.0,27
HIGH-arm,arm64,wireguard-tcp-fast,short-transfer,1.0,3,,,,,,,,,12.895,0.197,,,,,,,,,,,,,,,,,,,,,100.0,0.0,600,0.0,600,0.0,,,,,,,,,0.851,0.004,,,,,,,,,,,,,0,0.0,,,,,,,599.379,0.921,797.843,1.387,800.111,1.07,,,0,0.0,27
HIGH-arm,arm64,wireguard-tcp-fast,short-transfer,2.0,3,,,,,,,,,3.882,4.625,,,,,,,,,,,,,,,,,,,,,100.0,0.0,600,0.0,600,0.0,,,,,,,,,0.83,0.002,,,,,,,,,,,,,0,0.0,,,,,,,599.293,0.881,731.873,113.679,798.427,1.671,,,0,0.0,26
HIGH-arm,arm64,wireguard-tcp-fast,short-transfer,3.0,3,,,,,,,,,1.138,0.041,,,,,,,,,,,,,,,,,,,,,100.0,0.0,600,0.0,600,0.0,,,,,,,,,0.84,0.011,,,,,,,,,,,,,0,0.0,,,,,,,599.349,1.074,666.681,111.948,798.814,0.279,,,0,0.0,27
HIGH-arm,arm64,wireguard-tcp-fast,short-transfer,5.0,3,,,,,,,,,1.156,0.038,,,,,,,,,,,,,,,,,,,,,100.0,0.0,600,0.0,600,0.0,,,,,,,,,0.838,0.005,,,,,,,,,,,,,0,0.0,,,,,,,599.994,0.066,668.094,112.838,799.052,0.09,,,0,0.0,28
HIGH-arm,arm64,wireguard-tcp-fast,short-transfer,10.0,3,,,,,,,,,3.241,3.622,,,,,,,,,,,,,,,,,,,,,100.0,0.0,600,0.0,600,0.0,,,,,,,,,0.809,0.004,,,,,,,,,,,,,102.667,177.824,,,,,,,613.228,0.532,742.816,112.08,816.893,1.021,,,0,0.0,36
HIGH-arm,arm64,wireguard-tcp-fast,short-transfer,20.0,3,,,,,,,,,0.968,0.243,,,,,,,,,,,,,,,,,,,,,92.593,12.83,335,248.191,327,259.305,,,,,,,,,0.603,0.332,,,,,,,,,,,,,294.667,404.62,,,,,,,607.447,4.887,804.037,4.913,1992.943,1844.841,,,0,0.0,12
HIGH-arm,arm64,wireguard-tcp-fast,ssh-interactive,0.0,3,,,,,,,,,0.629,0.015,,,,,,,,,,,,,,,,,,,,,,,,,,,0.0,0.0,,,,,,,,,,,,,201.429,1.614,0.21,0.043,198.106,0.013,197.756,0.016,0,0.0,,,,,,,,,,,,,,,0,0.0,27
HIGH-arm,arm64,wireguard-tcp-fast,ssh-interactive,0.5,3,,,,,,,,,0.727,0.033,,,,,,,,,,,,,,,,,,,,,,,,,,,0.0,0.0,,,,,,,,,,,,,202.355,1.803,0.233,0.034,198.113,0.038,197.749,0.005,0,0.0,,,,,,,,,,,,,,,0,0.0,29
HIGH-arm,arm64,wireguard-tcp-fast,ssh-interactive,1.0,3,,,,,,,,,0.755,0.041,,,,,,,,,,,,,,,,,,,,,,,,,,,0.0,0.0,,,,,,,,,,,,,204.057,3.377,0.296,0.121,198.163,0.017,197.754,0.018,0,0.0,,,,,,,,,,,,,,,0,0.0,29
HIGH-arm,arm64,wireguard-tcp-fast,ssh-interactive,2.0,3,,,,,,,,,0.758,0.08,,,,,,,,,,,,,,,,,,,,,,,,,,,0.0,0.0,,,,,,,,,,,,,206.247,8.875,0.332,0.262,198.168,0.027,197.774,0.017,0,0.0,,,,,,,,,,,,,,,0,0.0,25
HIGH-arm,arm64,wireguard-tcp-fast,ssh-interactive,3.0,3,,,,,,,,,0.758,0.096,,,,,,,,,,,,,,,,,,,,,,,,,,,0.0,0.0,,,,,,,,,,,,,205.603,7.088,0.322,0.247,198.145,0.025,197.753,0.001,0,0.0,,,,,,,,,,,,,,,0,0.0,29
HIGH-arm,arm64,wireguard-tcp-fast,ssh-interactive,5.0,3,,,,,,,,,0.717,0.029,,,,,,,,,,,,,,,,,,,,,,,,,,,0.0,0.0,,,,,,,,,,,,,201.342,1.461,0.179,0.017,198.139,0.012,197.748,0.024,0,0.0,,,,,,,,,,,,,,,0,0.0,29
HIGH-arm,arm64,wireguard-tcp-fast,ssh-interactive,10.0,3,,,,,,,,,0.864,0.013,,,,,,,,,,,,,,,,,,,,,,,,,,,100.0,0.0,,,,,,,,,,,,,,,,,,,,,0,0.0,,,,,,,,,,,,,,,0,0.0,0
HIGH-arm,arm64,wireguard-tcp-fast,ssh-interactive,20.0,3,,,,,,,,,13.837,3.85,,,,,,,,,,,,,,,,,,,,,,,,,,,100.0,0.0,,,,,,,,,,,,,,,,,,,,,0,0.0,,,,,,,,,,,,,,,0,0.0,0
HIGH-arm,arm64,wireguard-tcp-fast,web-mix,0.0,3,431.763,12.964,414.213,4.987,399.053,0.652,10.027,4.403,3.18,0.13,,,,,5000,0.0,0,0.0,5000,0.0,0,0.0,5000,0.0,0,0.0,5000,0.0,0,0.0,0.0,0.0,,,,,,,265.243,112.798,198.007,0.124,197.65,0.0,2031.423,82.953,1.206,1.389,,,,,,,,,,,0,0.0,629.723,12.912,612.49,4.744,597.987,1.358,,,,,,,9.797,4.551,0,0.0,33
HIGH-arm,arm64,wireguard-tcp-fast,web-mix,0.5,3,429.73,3.957,413.14,1.201,399.93,1.079,8.69,1.179,3.768,1.153,,,,,5000,0.0,0,0.0,5000,0.0,0,0.0,5000,0.0,0,0.0,5000,0.0,0,0.0,0.0,0.0,,,,,,,333.693,108.257,198.71,0.457,197.657,0.006,1972.977,86.883,7.243,5.022,,,,,,,,,,,0,0.0,627.933,4.459,611.28,1.241,598.563,1.421,,,,,,,8.543,1.161,0,0.0,32
HIGH-arm,arm64,wireguard-tcp-fast,web-mix,1.0,3,436.41,8.876,417.773,2.91,399.427,0.575,10.773,3.7,3.618,1.275,,,,,5000,0.0,0,0.0,5000,0.0,0,0.0,5000,0.0,0,0.0,5000,0.0,0,0.0,0.0,0.0,,,,,,,395.75,0.155,198.323,0.34,197.65,0.01,1920.263,10.864,8.41,3.844,,,,,,,,,,,0,0.0,634.383,8.92,616.033,2.795,598.003,0.708,,,,,,,10.607,3.699,0,0.0,23
HIGH-arm,arm64,wireguard-tcp-fast,web-mix,2.0,3,434.923,6.53,415.22,1.519,400.47,0.241,10.28,1.984,2.768,0.419,,,,,5000,0.0,0,0.0,5000,0.0,0,0.0,5000,0.0,0,0.0,5000,0.0,0,0.0,0.0,0.0,,,,,,,331.803,111.66,198.467,0.524,197.657,0.006,1972.937,84.03,6.967,6.652,,,,,,,,,,,0,0.0,632.867,6.491,613.443,1.397,599.15,0.463,,,,,,,10.173,2.037,0,0.0,23
HIGH-arm,arm64,wireguard-tcp-fast,web-mix,3.0,3,433.497,8.465,415.58,2.54,400.7,1.071,9.707,2.646,4.277,1.02,,,,,5000,0.0,0,0.0,5000,0.0,0,0.0,5000,0.0,0,0.0,5000,0.0,0,0.0,0.0,0.0,,,,,,,264.6,113.337,197.983,0.11,197.647,0.012,2025.407,86.076,2.01,3.101,,,,,,,,,,,0,0.0,631.42,8.474,614.003,2.987,599.613,1.824,,,,,,,9.377,2.182,0,0.0,25
HIGH-arm,arm64,wireguard-tcp-fast,web-mix,5.0,3,425.073,0.457,412.227,0.555,399.88,1.239,7.623,0.325,3.357,0.128,,,,,5000,0.0,0,0.0,5000,0.0,0,0.0,5000,0.0,0,0.0,5000,0.0,0,0.0,0.0,0.0,,,,,,,330.693,113.314,198.513,0.436,197.66,0.01,1977.257,87.465,8.206,6.851,,,,,,,,,,,0,0.0,623.18,0.413,610.573,0.647,598.837,1.759,,,,,,,7.42,0.594,0,0.0,33
HIGH-arm,arm64,wireguard-tcp-fast,web-mix,10.0,3,434.523,13.582,417.147,6.802,400.717,1.023,10.063,4.241,,,,,,,5000,0.0,0,0.0,5000,0.0,0,0.0,5000,0.0,0,0.0,5000,0.0,0,0.0,0.0,0.0,,,,,,,331.763,114.345,199.23,0.547,198.397,0.006,1962.16,77.927,8.63,7.283,,,,,,,,,,,10.667,18.475,633.223,13.635,616.043,6.649,600.327,1.673,,,,,,,9.933,4.32,0,0.0,0
HIGH-arm,arm64,wireguard-tcp-fast,web-mix,20.0,3,428.65,5.935,414.787,2.197,403.65,3.128,7.15,1.885,,,,,,,5000,0.0,0,0.0,5000,0.0,0,0.0,5000,0.0,0,0.0,5000,0.0,0,0.0,0.0,0.0,,,,,,,266.267,114.543,199.123,0.733,198.41,0.0,2017.543,87.884,5.104,8.405,,,,,,,,,,,10.667,18.475,627.323,5.843,614.297,2.44,603.18,3.254,,,,,,,6.723,2.4,0,0.0,0
HIGH-arm,arm64,wireguard-udp,long-transfer,0.0,3,,,,,,,,,40.416,3.465,445.877,38.032,999.596,0.177,,,,,,,,,,,,,,,,,,,,,,,,,,,,,,,,,,,0,0.0,,,,,,,,,53771360,2965361.821,,,,,,,,,,,,,,,12258770050.667,328479735.718,0
HIGH-arm,arm64,wireguard-udp,long-transfer,0.5,3,,,,,,,,,36.116,2.76,7.147,0.327,994.576,0.132,,,,,,,,,,,,,,,,,,,,,,,,,,,,,,,,,,,0,0.0,,,,,,,,,2135738.667,111325.975,,,,,,,,,,,,,,,8587939773.333,6937458.072,0
HIGH-arm,arm64,wireguard-udp,long-transfer,1.0,3,,,,,,,,,13.287,21.27,4.157,0.627,989.655,0,,,,,,,,,,,,,,,,,,,,,,,,,,,,,,,,,,,0,0.0,,,,,,,,,1085421.333,101411.236,,,,,,,,,,,,,,,2864507237.333,4886095290.697,0
HIGH-arm,arm64,wireguard-udp,long-transfer,2.0,3,,,,,,,,,32.319,0.499,2.363,0.141,979.775,0.09,,,,,,,,,,,,,,,,,,,,,,,,,,,,,,,,,,,0,0.0,,,,,,,,,693750.667,84127.68,,,,,,,,,,,,,,,8410714350.667,3169242.283,0
HIGH-arm,arm64,wireguard-udp,long-transfer,3.0,3,,,,,,,,,33.229,1.281,1.893,0.04,969.66,0.113,,,,,,,,,,,,,,,,,,,,,,,,,,,,,,,,,,,0,0.0,,,,,,,,,537796,34753.635,,,,,,,,,,,,,,,8318849406.667,1216095.645,0
HIGH-arm,arm64,wireguard-udp,long-transfer,5.0,3,,,,,,,,,32.443,1.436,1.266,0.05,949.684,0.027,,,,,,,,,,,,,,,,,,,,,,,,,,,,,,,,,,,0,0.0,,,,,,,,,427545.333,28504.535,,,,,,,,,,,,,,,8142259728,834901.263,0
HIGH-arm,arm64,wireguard-udp,long-transfer,10.0,3,,,,,,,,,22.87,19.443,0.7,0.035,900.015,0.1,,,,,,,,,,,,,,,,,,,,,,,,,,,,,,,,,,,0,0.0,,,,,,,,,293225.333,17770.529,,,,,,,,,,,,,,,5142868666.667,4447876577.623,0
HIGH-arm,arm64,wireguard-udp,long-transfer,20.0,3,,,,,,,,,14.969,20.146,0.355,0.005,788.747,15.604,,,,,,,,,,,,,,,,,,,,,,,,,,,,,,,,,,,0,0.0,,,,,,,,,184812,8561.357,,,,,,,,,,,,,,,4568857860,3953702489.36,0
HIGH-arm,arm64,wireguard-udp,short-transfer,0.0,3,,,,,,,,,12.638,0.238,,,,,,,,,,,,,,,,,,,,,100.0,0.0,600,0.0,600,0.0,,,,,,,,,0.859,0.004,,,,,,,,,,,,,239253397.333,7111.125,,,,,,,590.475,6.951,786.028,9.186,787.86,8.815,,,10771480,174207.178,0
HIGH-arm,arm64,wireguard-udp,short-transfer,0.5,3,,,,,,,,,8.006,6.116,,,,,,,,,,,,,,,,,,,,,100.0,0.0,600,0.0,600,0.0,,,,,,,,,0.846,0.012,,,,,,,,,,,,,239245410.667,5630.338,,,,,,,589.991,7.648,785.351,10.293,1193.16,10.76,,,10463336,274633.573,0
HIGH-arm,arm64,wireguard-udp,short-transfer,1.0,3,,,,,,,,,1.156,0.022,,,,,,,,,,,,,,,,,,,,,100.0,0.0,600,0.0,600,0.0,,,,,,,,,0.821,0.003,,,,,,,,,,,,,239249612,4442.016,,,,,,,598.741,0.206,808.722,19.432,1479.44,225.836,,,9827494.667,69960.742,0
HIGH-arm,arm64,wireguard-udp,short-transfer,2.0,3,,,,,,,,,1.173,0.047,,,,,,,,,,,,,,,,,,,,,100.0,0.0,600,0.0,600,0.0,,,,,,,,,0.814,0.018,,,,,,,,,,,,,239257201.333,1214.936,,,,,,,589.97,7.62,1064.525,201.972,1633.343,203.431,,,9909766.667,136380.716,0
HIGH-arm,arm64,wireguard-udp,short-transfer,3.0,3,,,,,,,,,1.128,0.022,,,,,,,,,,,,,,,,,,,,,100.0,0.0,600,0.0,600,0.0,,,,,,,,,0.777,0.006,,,,,,,,,,,,,239262257.333,1219.182,,,,,,,599.006,0.222,1234.954,29.521,1651.709,11.594,,,9809477.333,71873.101,0
HIGH-arm,arm64,wireguard-udp,short-transfer,5.0,3,,,,,,,,,1.147,0.086,,,,,,,,,,,,,,,,,,,,,100.0,0.0,600,0.0,600,0.0,,,,,,,,,0.742,0.01,,,,,,,,,,,,,239273318.667,4656.849,,,,,,,599.264,0.138,1610.514,13.97,2062.476,168.037,,,9387686.667,78784.619,0
HIGH-arm,arm64,wireguard-udp,short-transfer,10.0,3,,,,,,,,,1.03,0.032,,,,,,,,,,,,,,,,,,,,,100.0,0.0,600,0.0,600,0.0,,,,,,,,,0.652,0.005,,,,,,,,,,,,,239311284,3030.028,,,,,,,599.836,0.44,1967.357,157.762,3097.863,121.278,,,9128682.667,149176.303,0
HIGH-arm,arm64,wireguard-udp,short-transfer,20.0,3,,,,,,,,,0.931,0.019,,,,,,,,,,,,,,,,,,,,,100.0,0.0,600,0.0,600,0.0,,,,,,,,,0.507,0.011,,,,,,,,,,,,,239369201.333,5330.165,,,,,,,1062.618,114.75,3135.269,156.473,4671.06,382.945,,,8421720,159159.832,0
HIGH-arm,arm64,wireguard-udp,ssh-interactive,0.0,3,,,,,,,,,0.853,0.17,,,,,,,,,,,,,,,,,,,,,,,,,,,0.0,0.0,,,,,,,,,,,,,200.273,2.516,0.198,0.077,197.132,0.03,196.772,0.021,132132,103.923,,,,,,,,,,,,,,,132105.333,108.542,0
HIGH-arm,arm64,wireguard-udp,ssh-interactive,0.5,3,,,,,,,,,0.815,0.095,,,,,,,,,,,,,,,,,,,,,,,,,,,0.4,0.265,,,,,,,,,,,,,210.23,20.629,0.494,0.6,197.175,0.025,196.763,0.011,131620,237.419,,,,,,,,,,,,,,,131561.333,340.924,0
HIGH-arm,arm64,wireguard-udp,ssh-interactive,1.0,3,,,,,,,,,0.945,0.247,,,,,,,,,,,,,,,,,,,,,,,,,,,1.067,0.058,,,,,,,,,,,,,200.48,1.119,0.218,0.032,197.196,0.027,196.783,0.031,130766.667,154.73,,,,,,,,,,,,,,,130708,72.774,0
HIGH-arm,arm64,wireguard-udp,ssh-interactive,2.0,3,,,,,,,,,0.843,0.036,,,,,,,,,,,,,,,,,,,,,,,,,,,2.3,0.361,,,,,,,,,,,,,200.844,1.656,0.218,0.05,197.185,0.014,196.788,0.022,129188,496.822,,,,,,,,,,,,,,,129129.333,531.749,0
HIGH-arm,arm64,wireguard-udp,ssh-interactive,3.0,3,,,,,,,,,0.836,0.038,,,,,,,,,,,,,,,,,,,,,,,,,,,3.067,0.306,,,,,,,,,,,,,201.459,0.684,0.245,0.023,197.207,0.024,196.781,0.018,128146.667,474.507,,,,,,,,,,,,,,,128181.333,432.598,0
HIGH-arm,arm64,wireguard-udp,ssh-interactive,5.0,3,,,,,,,,,0.928,0.136,,,,,,,,,,,,,,,,,,,,,,,,,,,4.267,1.026,,,,,,,,,,,,,204.635,5.747,0.326,0.164,197.221,0.042,196.784,0.043,126670.667,1413.401,,,,,,,,,,,,,,,126644,1352.562,0
HIGH-arm,arm64,wireguard-udp,ssh-interactive,10.0,3,,,,,,,,,0.82,0.093,,,,,,,,,,,,,,,,,,,,,,,,,,,9.433,1.193,,,,,,,,,,,,,201.344,0.778,0.226,0.016,197.185,0.014,196.793,0.021,120057.333,1630.236,,,,,,,,,,,,,,,120030.667,1634.823,0
HIGH-arm,arm64,wireguard-udp,ssh-interactive,20.0,3,,,,,,,,,0.776,0.078,,,,,,,,,,,,,,,,,,,,,,,,,,,21.6,0.0,,,,,,,,,,,,,201.03,0.93,0.236,0.057,197.174,0.028,196.764,0.032,104686.667,59.911,,,,,,,,,,,,,,,104462.667,113.443,0
HIGH-arm,arm64,wireguard-udp,web-mix,0.0,3,438.69,5.047,415.363,3.529,397.223,0.604,12.71,1.529,3.443,0.501,,,,,5000,0.0,0,0.0,5000,0.0,0,0.0,5000,0.0,0,0.0,5000,0.0,0,0.0,0.0,0.0,,,,,,,198.427,0.889,197.0,0.123,196.667,0.015,2076.397,4.31,0.322,0.191,,,,,,,,,,,1693169.333,13245.686,635.687,5.022,612.52,3.489,595.13,1.085,,,,,,,12.507,1.509,338810.667,26792.889,0
HIGH-arm,arm64,wireguard-udp,web-mix,0.5,3,964.44,515.59,422.383,11.211,396.95,0.329,80.667,70.128,3.419,0.598,,,,,5000,0.0,0,0.0,5000,0.0,0,0.0,5000,0.0,0,0.0,5000,0.0,0,0.0,0.0,0.0,,,,,,,601.293,19.165,199.917,1.167,196.68,0.02,1639.19,165.253,29.673,6.146,,,,,,,,,,,1704934.667,14438.067,1163.45,517.149,622.383,13.45,594.707,0.275,,,,,,,85.913,71.427,346789.333,25209.239,0
HIGH-arm,arm64,wireguard-udp,web-mix,1.0,3,1083.743,573.775,431.69,19.567,397.753,0.674,112.227,90.876,4.439,1.618,,,,,5000,0.0,0,0.0,5000,0.0,0,0.0,5000,0.0,0,0.0,5000,0.0,0,0.0,0.0,0.0,,,,,,,790.703,20.321,204.85,2.346,196.687,0.015,1547.707,120.972,50.75,9.361,,,,,,,,,,,1715153.333,7867.499,1276.193,569.532,635.313,26.619,595.943,0.95,,,,,,,116.287,94.358,360618.667,18911.061,0
HIGH-arm,arm64,wireguard-udp,web-mix,2.0,3,1293.333,237.557,458.0,24.867,397.93,1.812,186.073,65.208,3.126,0.098,,,,,5000,0.0,0,0.0,5000,0.0,0,0.0,5000,0.0,0,0.0,5000,0.0,0,0.0,0.0,0.0,,,,,,,869.983,138.61,208.317,2.292,196.69,0.0,1457.13,8.128,67.813,10.112,,,,,,,,,,,1700014.667,10246.779,1493.333,237.557,666.633,20.22,595.633,1.834,,,,,,,195.507,56.028,318938.667,15254.826,0
HIGH-arm,arm64,wireguard-udp,web-mix,3.0,3,1646.667,715.565,444.167,20.994,398.213,0.932,185.563,104.904,2.72,0.271,,,,,5000,0.0,0,0.0,5000,0.0,0,0.0,5000,0.0,0,0.0,5000,0.0,0,0.0,0.0,0.0,,,,,,,1443.823,751.747,217.643,0.769,196.68,0.01,1167.94,78.571,103.057,28.83,,,,,,,,,,,1698914.667,5378.128,2333.333,592.818,668.937,9.942,597.02,1.685,,,,,,,262.837,74.668,329520,19005.198,0
HIGH-arm,arm64,wireguard-udp,web-mix,5.0,3,1626.667,349.333,494.777,22.397,397.237,0.317,291.457,42.177,2.333,0.206,,,,,5000,0.0,0,0.0,5000,0.0,0,0.0,5000,0.0,0,0.0,5000,0.0,0,0.0,0.0,0.0,,,,,,,1066.667,37.859,236.537,4.872,196.693,0.006,1161.127,150.937,122.997,11.225,,,,,,,,,,,1702640,12811.102,1956.667,309.892,734.567,36.194,595.047,0.332,,,,,,,319.45,12.256,325797.333,23197.028,0
HIGH-arm,arm64,wireguard-udp,web-mix,10.0,3,2603.333,231.157,531.897,33.579,399.497,2.183,400.36,51.872,2.428,0.681,,,,,5000,0.0,0,0.0,5000,0.0,0,0.0,5000,0.0,0,0.0,5000,0.0,0,0.0,0.0,0.0,,,,,,,1803.333,315.647,273.683,0.418,196.687,0.015,910.327,108.219,188.76,4.806,,,,,,,,,,,1716289.333,6800.811,2800.0,234.307,790.323,45.521,597.267,2.299,,,,,,,421.863,47.27,330665.333,8139.083,0
HIGH-arm,arm64,wireguard-udp,web-mix,20.0,3,2743.333,301.386,774.01,90.384,397.9,0.997,599.683,72.132,2.251,0.889,,,,,5000,0.0,0,0.0,5000,0.0,0,0.0,5000,0.0,0,0.0,5000,0.0,0,0.0,0.0,0.0,,,,,,,3983.333,1188.879,356.593,8.296,196.707,0.006,616.5,93.952,372.707,36.385,,,,,,,,,,,1702725.333,4632.049,3983.333,1172.959,1203.333,77.675,596.093,1.65,,,,,,,785.207,121.74,292144,780.4,0
HIGH-x64,x86_64,wireguard-tcp-fast,long-transfer,0.0,3,,,,,,,,,40.382,1.008,244.763,69.521,958.858,1.537,,,,,,,,,,,,,,,,,,,,,,,,,,,,,,,,,,,0,0.0,,,,,,,,,0,0.0,,,,,,,,,,,,,,,0,0.0,34
HIGH-x64,x86_64,wireguard-tcp-fast,long-transfer,0.5,3,,,,,,,,,41.751,1.614,300.044,43.601,957.711,4.548,,,,,,,,,,,,,,,,,,,,,,,,,,,,,,,,,,,0,0.0,,,,,,,,,0,0.0,,,,,,,,,,,,,,,0,0.0,33
HIGH-x64,x86_64,wireguard-tcp-fast,long-transfer,1.0,3,,,,,,,,,39.959,1.44,200.148,27.675,970.13,4.58,,,,,,,,,,,,,,,,,,,,,,,,,,,,,,,,,,,0,0.0,,,,,,,,,0,0.0,,,,,,,,,,,,,,,0,0.0,25
HIGH-x64,x86_64,wireguard-tcp-fast,long-transfer,2.0,3,,,,,,,,,39.944,1.756,168.673,9.096,972.343,1.412,,,,,,,,,,,,,,,,,,,,,,,,,,,,,,,,,,,0,0.0,,,,,,,,,0,0.0,,,,,,,,,,,,,,,0,0.0,23
HIGH-x64,x86_64,wireguard-tcp-fast,long-transfer,3.0,2,,,,,,,,,41.612,0.509,187.559,31.287,967.775,7.19,,,,,,,,,,,,,,,,,,,,,,,,,,,,,,,,,,,0,0.0,,,,,,,,,0,0.0,,,,,,,,,,,,,,,0,0.0,19
HIGH-x64,x86_64,wireguard-tcp-fast,long-transfer,5.0,3,,,,,,,,,30.297,16.89,214.84,51.86,973.485,2.032,,,,,,,,,,,,,,,,,,,,,,,,,,,,,,,,,,,0,0.0,,,,,,,,,0,0.0,,,,,,,,,,,,,,,0,0.0,23
HIGH-x64,x86_64,wireguard-tcp-fast,long-transfer,10.0,3,,,,,,,,,42.562,15.148,463.944,38.103,991.863,1.252,,,,,,,,,,,,,,,,,,,,,,,,,,,,,,,,,,,0,0.0,,,,,,,,,210.667,100.585,,,,,,,,,,,,,,,0,0.0,0
HIGH-x64,x86_64,wireguard-tcp-fast,long-transfer,20.0,3,,,,,,,,,42.567,15.157,434.975,22.714,993.218,2.995,,,,,,,,,,,,,,,,,,,,,,,,,,,,,,,,,,,0,0.0,,,,,,,,,210.667,35.852,,,,,,,,,,,,,,,0,0.0,0
HIGH-x64,x86_64,wireguard-tcp-fast,short-transfer,0.0,3,,,,,,,,,4.058,2.93,,,,,,,,,,,,,,,,,,,,,99.914,0.149,529.333,122.398,529,122.976,,,,,,,,,272.525,470.608,,,,,,,,,,,,,92,159.349,,,,,,,400.068,345.95,532.871,460.788,569.956,493.118,,,0,0.0,30
HIGH-x64,x86_64,wireguard-tcp-fast,short-transfer,0.5,3,,,,,,,,,8.476,5.781,,,,,,,,,,,,,,,,,,,,,100.0,0.0,600,0.0,600,0.0,,,,,,,,,0.818,0.004,,,,,,,,,,,,,0,0.0,,,,,,,599.964,0.152,800.176,1.284,887.895,8.756,,,0,0.0,26
HIGH-x64,x86_64,wireguard-tcp-fast,short-transfer,1.0,3,,,,,,,,,14.248,0.453,,,,,,,,,,,,,,,,,,,,,100.0,0.0,600,0.0,600,0.0,,,,,,,,,0.823,0.007,,,,,,,,,,,,,0,0.0,,,,,,,600.222,0.022,800.759,0.277,897.099,36.022,,,0,0.0,27
HIGH-x64,x86_64,wireguard-tcp-fast,short-transfer,2.0,3,,,,,,,,,8.47,5.884,,,,,,,,,,,,,,,,,,,,,100.0,0.0,600,0.0,600,0.0,,,,,,,,,0.813,0.007,,,,,,,,,,,,,0,0.0,,,,,,,599.978,0.174,800.089,1.504,858.575,37.738,,,0,0.0,32
HIGH-x64,x86_64,wireguard-tcp-fast,short-transfer,3.0,3,,,,,,,,,2.368,0.03,,,,,,,,,,,,,,,,,,,,,100.0,0.0,600,0.0,600,0.0,,,,,,,,,0.815,0.003,,,,,,,,,,,,,0,0.0,,,,,,,599.861,0.099,798.998,0.292,879.978,14.89,,,0,0.0,24
HIGH-x64,x86_64,wireguard-tcp-fast,short-transfer,5.0,3,,,,,,,,,2.499,0.257,,,,,,,,,,,,,,,,,,,,,100.0,0.0,600,0.0,600,0.0,,,,,,,,,0.814,0.006,,,,,,,,,,,,,0,0.0,,,,,,,599.759,0.026,799.057,0.369,875.592,23.203,,,0,0.0,30
HIGH-x64,x86_64,wireguard-tcp-fast,short-transfer,10.0,3,,,,,,,,,1.352,0.388,,,,,,,,,,,,,,,,,,,,,100.0,0.0,600,0.0,600,0.0,,,,,,,,,0.832,0.001,,,,,,,,,,,,,1296,0.0,,,,,,,599.789,0.701,798.977,0.263,799.504,0.177,,,0,0.0,0
HIGH-x64,x86_64,wireguard-tcp-fast,short-transfer,20.0,3,,,,,,,,,7.361,5.65,,,,,,,,,,,,,,,,,,,,,100.0,0.0,600,0.0,600,0.0,,,,,,,,,0.825,0.006,,,,,,,,,,,,,1326.667,53.116,,,,,,,607.235,7.322,808.852,9.997,811.366,10.359,,,0,0.0,0
HIGH-x64,x86_64,wireguard-tcp-fast,ssh-interactive,0.0,3,,,,,,,,,2.018,0.166,,,,,,,,,,,,,,,,,,,,,,,,,,,0.0,0.0,,,,,,,,,,,,,338.38,1.825,16.222,1.849,202.12,0.787,198.477,0.031,0,0.0,,,,,,,,,,,,,,,0,0.0,30
HIGH-x64,x86_64,wireguard-tcp-fast,ssh-interactive,0.5,3,,,,,,,,,1.686,0.242,,,,,,,,,,,,,,,,,,,,,,,,,,,0.0,0.0,,,,,,,,,,,,,330.516,5.05,13.499,1.632,201.193,0.703,198.479,0.022,0,0.0,,,,,,,,,,,,,,,0,0.0,26
HIGH-x64,x86_64,wireguard-tcp-fast,ssh-interactive,1.0,3,,,,,,,,,1.863,0.326,,,,,,,,,,,,,,,,,,,,,,,,,,,0.0,0.0,,,,,,,,,,,,,338.156,1.797,15.36,2.189,201.835,0.941,198.455,0.005,0,0.0,,,,,,,,,,,,,,,0,0.0,29
HIGH-x64,x86_64,wireguard-tcp-fast,ssh-interactive,2.0,3,,,,,,,,,1.917,0.216,,,,,,,,,,,,,,,,,,,,,,,,,,,0.0,0.0,,,,,,,,,,,,,333.94,2.393,14.848,1.218,201.694,0.509,198.462,0.013,0,0.0,,,,,,,,,,,,,,,0,0.0,29
HIGH-x64,x86_64,wireguard-tcp-fast,ssh-interactive,3.0,3,,,,,,,,,1.787,0.19,,,,,,,,,,,,,,,,,,,,,,,,,,,0.0,0.0,,,,,,,,,,,,,337.283,4.071,14.444,1.072,201.476,0.397,198.464,0.025,0,0.0,,,,,,,,,,,,,,,0,0.0,26
HIGH-x64,x86_64,wireguard-tcp-fast,ssh-interactive,5.0,3,,,,,,,,,1.926,0.148,,,,,,,,,,,,,,,,,,,,,,,,,,,0.0,0.0,,,,,,,,,,,,,339.492,3.881,15.154,1.014,201.7,0.547,198.473,0.015,0,0.0,,,,,,,,,,,,,,,0,0.0,29
HIGH-x64,x86_64,wireguard-tcp-fast,ssh-interactive,10.0,3,,,,,,,,,12.469,0.468,,,,,,,,,,,,,,,,,,,,,,,,,,,0.0,0.0,,,,,,,,,,,,,239.791,47.458,1.863,1.724,203.036,0.088,202.381,0.01,105.333,71.591,,,,,,,,,,,,,,,0,0.0,0
HIGH-x64,x86_64,wireguard-tcp-fast,ssh-interactive,20.0,3,,,,,,,,,12.753,0.28,,,,,,,,,,,,,,,,,,,,,,,,,,,0.0,0.0,,,,,,,,,,,,,239.392,56.227,2.216,1.672,201.834,2.07,200.954,2.463,94.667,53.116,,,,,,,,,,,,,,,0,0.0,0
HIGH-x64,x86_64,wireguard-tcp-fast,web-mix,0.0,3,426.977,0.136,413.857,1.13,401.96,2.543,7.287,0.733,5.053,0.949,,,,,5000,0.0,0,0.0,5000,0.0,0,0.0,5000,0.0,0,0.0,5000,0.0,0,0.0,0.0,0.0,,,,,,,295.577,97.467,200.953,2.164,198.447,0.006,1980.43,90.671,5.711,4.884,,,,,,,,,,,0,0.0,626.81,0.625,613.473,1.59,602.073,3.493,,,,,,,6.927,1.124,0,0.0,26
HIGH-x64,x86_64,wireguard-tcp-fast,web-mix,0.5,3,439.073,26.482,420.157,12.555,401.13,0.969,11.443,8.822,4.27,0.899,,,,,5000,0.0,0,0.0,5000,0.0,0,0.0,5000,0.0,0,0.0,5000,0.0,0,0.0,0.0,0.0,,,,,,,331.8,112.662,201.473,4.275,198.457,0.006,1932.42,132.797,11.235,16.665,,,,,,,,,,,0,0.0,638.08,26.49,619.887,11.937,601.18,1.285,,,,,,,11.053,9.126,0,0.0,34
HIGH-x64,x86_64,wireguard-tcp-fast,web-mix,1.0,3,430.87,12.354,419.913,12.612,408.347,13.068,6.563,0.085,5.357,2.354,,,,,5000,0.0,0,0.0,5000,0.0,0,0.0,5000,0.0,0,0.0,5000,0.0,0,0.0,0.0,0.0,,,,,,,279.41,106.429,199.737,1.04,198.453,0.006,2005.887,95.404,5.701,5.024,,,,,,,,,,,0,0.0,629.763,12.575,619.4,12.952,607.63,13.01,,,,,,,6.353,0.248,0,0.0,34
HIGH-x64,x86_64,wireguard-tcp-fast,web-mix,2.0,3,423.883,2.01,412.137,0.312,399.987,0.811,6.83,0.62,5.802,1.55,,,,,5000,0.0,0,0.0,5000,0.0,0,0.0,5000,0.0,0,0.0,5000,0.0,0,0.0,0.0,0.0,,,,,,,301.75,97.871,201.95,5.049,198.453,0.006,1990.107,78.718,10.79,13.11,,,,,,,,,,,0,0.0,653.78,52.319,640.433,48.962,626.153,47.36,,,,,,,7.873,2.407,0,0.0,30
HIGH-x64,x86_64,wireguard-tcp-fast,web-mix,3.0,3,424.103,2.048,412.167,0.907,400.903,0.797,6.843,0.3,6.603,4.903,,,,,5000,0.0,0,0.0,5000,0.0,0,0.0,5000,0.0,0,0.0,5000,0.0,0,0.0,0.0,0.0,,,,,,,353.2,75.796,204.933,6.062,198.44,0.026,1923.563,89.829,18.56,15.182,,,,,,,,,,,0,0.0,623.39,1.408,611.8,0.454,600.71,0.168,,,,,,,6.753,0.25,0,0.0,23
HIGH-x64,x86_64,wireguard-tcp-fast,web-mix,5.0,3,494.877,74.486,437.51,40.359,426.53,42.848,11.437,10.047,6.442,2.137,,,,,5000,0.0,0,0.0,5000,0.0,0,0.0,5000,0.0,0,0.0,5000,0.0,0,0.0,0.0,0.0,,,,,,,333.35,111.995,200.03,0.702,198.473,0.04,1940.18,45.501,8.267,5.983,,,,,,,,,,,0,0.0,695.62,74.561,640.93,46.042,631.423,51.934,,,,,,,10.173,11.139,0,0.0,23
HIGH-x64,x86_64,wireguard-tcp-fast,web-mix,10.0,3,433.737,0.31,420.067,0.214,408.953,0.605,7.25,0.425,14.317,0.199,,,,,5000,0.0,0,0.0,5000,0.0,0,0.0,5000,0.0,0,0.0,5000,0.0,0,0.0,0.0,0.0,,,,,,,338.093,115.583,202.953,0.194,202.297,0.012,1930.747,87.757,5.506,4.468,,,,,,,,,,,10.667,18.475,636.367,0.248,623.143,0.394,613.063,0.985,,,,,,,6.94,0.469,0,0.0,0
HIGH-x64,x86_64,wireguard-tcp-fast,web-mix,20.0,3,482.143,78.246,466.293,72.561,409.333,1.595,19.077,19.005,15.317,0.894,,,,,5000,0.0,0,0.0,5000,0.0,0,0.0,5000,0.0,0,0.0,5000,0.0,0,0.0,0.0,0.0,,,,,,,403.18,4.963,203.29,0.053,202.33,0.0,1852.683,53.301,8.3,3.178,,,,,,,,,,,10.667,18.475,685.867,78.112,671.613,71.734,612.81,2.017,,,,,,,19.303,19.064,0,0.0,0
HIGH-x64,x86_64,wireguard-udp,long-transfer,0.0,3,,,,,,,,,40.161,0.072,286.088,60.696,974.509,4.696,,,,,,,,,,,,,,,,,,,,,,,,,,,,,,,,,,,0,0.0,,,,,,,,,31053876,2283632.825,,,,,,,,,,,,,,,10980216218.667,457354071.618,0
HIGH-x64,x86_64,wireguard-udp,long-transfer,0.5,3,,,,,,,,,36.331,2.03,6.99,0.838,971.461,5.438,,,,,,,,,,,,,,,,,,,,,,,,,,,,,,,,,,,0,0.0,,,,,,,,,1600794.667,460086.393,,,,,,,,,,,,,,,8580126349.333,11143208.076,0
HIGH-x64,x86_64,wireguard-udp,long-transfer,1.0,3,,,,,,,,,37.402,1.503,4.308,0.266,969.635,2.473,,,,,,,,,,,,,,,,,,,,,,,,,,,,,,,,,,,0,0.0,,,,,,,,,1153376,86787.543,,,,,,,,,,,,,,,8517244506.667,1734132.593,0
HIGH-x64,x86_64,wireguard-udp,long-transfer,2.0,3,,,,,,,,,36.983,1.572,2.549,0.053,954.229,2.209,,,,,,,,,,,,,,,,,,,,,,,,,,,,,,,,,,,0,0.0,,,,,,,,,665865.333,124458.208,,,,,,,,,,,,,,,8411890905.333,1090420.199,0
HIGH-x64,x86_64,wireguard-udp,long-transfer,3.0,3,,,,,,,,,35.916,1.3,1.852,0.036,946.529,7.394,,,,,,,,,,,,,,,,,,,,,,,,,,,,,,,,,,,0,0.0,,,,,,,,,575312,60570.98,,,,,,,,,,,,,,,8320106262.667,287830.334,0
HIGH-x64,x86_64,wireguard-udp,long-transfer,5.0,3,,,,,,,,,35.627,0.746,1.254,0.035,929.128,3.948,,,,,,,,,,,,,,,,,,,,,,,,,,,,,,,,,,,0,0.0,,,,,,,,,360000,11758.851,,,,,,,,,,,,,,,8141039697.333,682771.52,0
HIGH-x64,x86_64,wireguard-udp,long-transfer,10.0,3,,,,,,,,,13.587,17.611,0.718,0.044,882.065,0,,,,,,,,,,,,,,,,,,,,,,,,,,,,,,,,,,,0,0.0,,,,,,,,,230590.667,6680.538,,,,,,,,,,,,,,,2573823976,4446848810.895,0
HIGH-x64,x86_64,wireguard-udp,long-transfer,20.0,2,,,,,,,,,34.863,1.178,0.391,0.016,784.848,3.646,,,,,,,,,,,,,,,,,,,,,,,,,,,,,,,,,,,0,0.0,,,,,,,,,162284,10487.808,,,,,,,,,,,,,,,6851459292,443865.069,0
HIGH-x64,x86_64,wireguard-udp,short-transfer,0.0,3,,,,,,,,,12.921,0.447,,,,,,,,,,,,,,,,,,,,,100.0,0.0,600,0.0,600,0.0,,,,,,,,,0.805,0.008,,,,,,,,,,,,,239268825.333,4470.423,,,,,,,608.496,6.978,815.312,9.523,831.716,12.133,,,9882054.667,59179.586,0
HIGH-x64,x86_64,wireguard-udp,short-transfer,0.5,3,,,,,,,,,10.476,4.196,,,,,,,,,,,,,,,,,,,,,100.0,0.0,600,0.0,600,0.0,,,,,,,,,0.788,0.013,,,,,,,,,,,,,239266858.667,6193.938,,,,,,,612.144,7.574,822.856,1.49,1463.282,178.783,,,9505264,97099.302,0
HIGH-x64,x86_64,wireguard-udp,short-transfer,1.0,3,,,,,,,,,1.542,0.286,,,,,,,,,,,,,,,,,,,,,100.0,0.0,600,0.0,600,0.0,,,,,,,,,0.797,0.01,,,,,,,,,,,,,239262348,3470.165,,,,,,,602.972,0.074,855.271,0.229,1459.753,150.673,,,9298438.667,22992.601,0
HIGH-x64,x86_64,wireguard-udp,short-transfer,2.0,3,,,,,,,,,1.353,0.024,,,,,,,,,,,,,,,,,,,,,100.0,0.0,600,0.0,600,0.0,,,,,,,,,0.774,0.007,,,,,,,,,,,,,239275896,7306.592,,,,,,,598.734,7.828,1195.755,17.349,1645.866,10.596,,,9328358.667,135334.159,0
HIGH-x64,x86_64,wireguard-udp,short-transfer,3.0,3,,,,,,,,,1.531,0.326,,,,,,,,,,,,,,,,,,,,,100.0,0.0,600,0.0,600,0.0,,,,,,,,,0.76,0.006,,,,,,,,,,,,,239276074.667,4486.71,,,,,,,611.911,7.86,1226.523,6.205,1658.566,17.455,,,9271941.333,105673.545,0
HIGH-x64,x86_64,wireguard-udp,short-transfer,5.0,3,,,,,,,,,1.439,0.268,,,,,,,,,,,,,,,,,,,,,100.0,0.0,600,0.0,600,0.0,,,,,,,,,0.698,0.013,,,,,,,,,,,,,239295041.333,3716.19,,,,,,,617.068,0.362,1641.904,21.396,2099.656,206.697,,,9029085.333,101173.954,0
HIGH-x64,x86_64,wireguard-udp,short-transfer,10.0,3,,,,,,,,,1.358,0.265,,,,,,,,,,,,,,,,,,,,,100.0,0.0,600,0.0,600,0.0,,,,,,,,,0.629,0.006,,,,,,,,,,,,,239317161.333,1961.641,,,,,,,733.523,113.516,2053.19,36.477,3219.192,177.855,,,8580958.667,84636.007,0
HIGH-x64,x86_64,wireguard-udp,short-transfer,20.0,3,,,,,,,,,1.188,0.187,,,,,,,,,,,,,,,,,,,,,100.0,0.0,600,0.0,600,0.0,,,,,,,,,0.485,0.005,,,,,,,,,,,,,239393802.667,13674.604,,,,,,,1040.728,72.786,3134.442,96.356,5403.97,285.2,,,7831057.333,130607.746,0
HIGH-x64,x86_64,wireguard-udp,ssh-interactive,0.0,3,,,,,,,,,0.921,0.175,,,,,,,,,,,,,,,,,,,,,,,,,,,0.0,0.0,,,,,,,,,,,,,349.045,4.557,11.427,0.799,205.616,0.212,203.893,0.006,132132,103.923,,,,,,,,,,,,,,,132233.333,53.116,0
HIGH-x64,x86_64,wireguard-udp,ssh-interactive,0.5,3,,,,,,,,,0.873,0.184,,,,,,,,,,,,,,,,,,,,,,,,,,,0.667,0.379,,,,,,,,,,,,,330.134,22.862,8.8,1.92,201.439,3.18,198.56,0.039,131218.667,381.834,,,,,,,,,,,,,,,131317.333,399.847,0
HIGH-x64,x86_64,wireguard-udp,ssh-interactive,1.0,3,,,,,,,,,0.99,0.176,,,,,,,,,,,,,,,,,,,,,,,,,,,0.767,0.252,,,,,,,,,,,,,337.96,6.764,10.922,0.722,200.179,0.159,198.54,0.022,131150.667,349.636,,,,,,,,,,,,,,,131252,332.433,0
HIGH-x64,x86_64,wireguard-udp,ssh-interactive,2.0,3,,,,,,,,,0.989,0.112,,,,,,,,,,,,,,,,,,,,,,,,,,,1.933,0.058,,,,,,,,,,,,,321.147,19.065,10.601,3.803,200.18,0.777,198.519,0.012,129657.333,92.635,,,,,,,,,,,,,,,129758.667,66.01,0
HIGH-x64,x86_64,wireguard-udp,ssh-interactive,3.0,3,,,,,,,,,1.019,0.096,,,,,,,,,,,,,,,,,,,,,,,,,,,3.267,0.058,,,,,,,,,,,,,335.901,4.921,10.921,1.276,200.152,0.232,198.534,0.03,127950.667,154.73,,,,,,,,,,,,,,,128020,158.947,0
HIGH-x64,x86_64,wireguard-udp,ssh-interactive,5.0,3,,,,,,,,,0.986,0.216,,,,,,,,,,,,,,,,,,,,,,,,,,,4.633,0.702,,,,,,,,,,,,,327.213,20.623,11.773,1.683,200.389,0.359,198.552,0.031,126201.333,913.475,,,,,,,,,,,,,,,126302.667,904.958,0
HIGH-x64,x86_64,wireguard-udp,ssh-interactive,10.0,3,,,,,,,,,0.909,0.153,,,,,,,,,,,,,,,,,,,,,,,,,,,9.167,0.153,,,,,,,,,,,,,339.209,1.448,11.248,0.683,202.08,3.406,200.419,3.236,120338.667,203.345,,,,,,,,,,,,,,,120437.333,243.978,0
HIGH-x64,x86_64,wireguard-udp,ssh-interactive,20.0,3,,,,,,,,,0.888,0.281,,,,,,,,,,,,,,,,,,,,,,,,,,,18.867,1.002,,,,,,,,,,,,,320.511,17.336,9.94,2.887,205.629,0.618,204.131,0.016,108494.667,780.813,,,,,,,,,,,,,,,108084,1358.746,0
HIGH-x64,x86_64,wireguard-udp,web-mix,0.0,3,483.103,82.287,472.297,82.388,461.277,81.523,6.423,0.076,5.85,2.103,,,,,5000,0.0,0,0.0,5000,0.0,0,0.0,5000,0.0,0,0.0,5000,0.0,0,0.0,0.0,0.0,,,,,,,642.293,405.046,223.027,31.605,203.853,0.015,1690.083,303.464,63.927,100.538,,,,,,,,,,,1719409.333,11447.942,687.667,82.735,677.96,83.565,666.903,80.931,,,,,,,5.9,0.336,344185.333,10835.087,0
HIGH-x64,x86_64,wireguard-udp,web-mix,0.5,3,635.093,342.003,428.427,5.783,412.013,2.184,33.583,45.322,3.407,0.414,,,,,5000,0.0,0,0.0,5000,0.0,0,0.0,5000,0.0,0,0.0,5000,0.0,0,0.0,0.0,0.0,,,,,,,694.883,115.342,211.853,5.358,203.83,0.017,1650.123,28.939,38.737,1.107,,,,,,,,,,,1702760,13601.286,918.58,295.679,639.67,9.344,617.88,2.474,,,,,,,48.373,48.657,327722.667,20276.769,0
HIGH-x64,x86_64,wireguard-udp,web-mix,1.0,3,652.903,378.537,447.993,42.97,414.397,2.804,54.997,84.146,5.296,3.223,,,,,5000,0.0,0,0.0,5000,0.0,0,0.0,5000,0.0,0,0.0,5000,0.0,0,0.0,0.0,0.0,,,,,,,842.097,33.409,212.993,5.845,203.86,0.026,1577.127,68.856,50.86,8.376,,,,,,,,,,,1687768,12541.872,855.693,376.121,683.77,96.043,666.25,81.084,,,,,,,46.107,69.589,322926.667,16087.662,0
HIGH-x64,x86_64,wireguard-udp,web-mix,2.0,3,817.233,660.578,443.01,33.318,411.853,0.774,85.513,136.188,3.897,0.344,,,,,5000,0.0,0,0.0,5000,0.0,0,0.0,5000,0.0,0,0.0,5000,0.0,0,0.0,0.0,0.0,,,,,,,1290.0,113.578,227.847,4.663,203.84,0.01,1350.033,44.387,93.983,5.216,,,,,,,,,,,1698278.667,23860.338,1392.793,653.647,694.623,57.991,645.013,49.896,,,,,,,141.273,127.15,312192,27890.726,0
HIGH-x64,x86_64,wireguard-udp,web-mix,3.0,3,1440.0,17.321,543.167,74.097,460.597,82.639,234.393,23.313,4.313,1.951,,,,,5000,0.0,0,0.0,5000,0.0,0,0.0,5000,0.0,0,0.0,5000,0.0,0,0.0,0.0,0.0,,,,,,,1110.0,50.0,230.59,5.175,203.843,0.015,1219.92,18.93,104.033,7.903,,,,,,,,,,,1704533.333,16243.435,1736.667,151.438,774.377,63.343,666.277,81.961,,,,,,,258.877,11.948,326084,21865.45,0
HIGH-x64,x86_64,wireguard-udp,web-mix,5.0,3,1213.333,222.336,485.677,42.069,412.687,0.462,192.44,85.84,3.773,0.396,,,,,5000,0.0,0,0.0,5000,0.0,0,0.0,5000,0.0,0,0.0,5000,0.0,0,0.0,0.0,0.0,,,,,,,1400.0,537.029,239.327,4.984,203.847,0.006,1152.733,142.815,122.693,11.499,,,,,,,,,,,1691526.667,9104.949,1560.0,234.307,725.537,40.102,619.367,2.6,,,,,,,233.76,85.639,313248,12055.084,0
HIGH-x64,x86_64,wireguard-udp,web-mix,10.0,3,1636.667,366.652,554.927,53.222,411.28,0.815,324.913,80.507,2.445,0.251,,,,,5000,0.0,0,0.0,5000,0.0,0,0.0,5000,0.0,0,0.0,5000,0.0,0,0.0,0.0,0.0,,,,,,,2483.333,80.829,280.547,5.483,203.86,0.01,930.6,80.406,207.727,9.168,,,,,,,,,,,1700986.667,6441.064,2906.667,75.056,892.71,72.274,617.377,0.518,,,,,,,478.143,58.576,303386.667,4257.393,0
HIGH-x64,x86_64,wireguard-udp,web-mix,20.0,3,2646.667,288.675,842.153,73.168,414.057,0.915,544.36,71.326,2.319,1.692,,,,,5000,0.0,0,0.0,5000,0.0,0,0.0,5000,0.0,0,0.0,5000,0.0,0,0.0,0.0,0.0,,,,,,,9360.0,9578.324,399.6,24.857,203.847,0.015,480.683,246.197,574.647,333.319,,,,,,,,,,,1716786.667,21741.723,9333.333,9957.773,1463.333,162.891,619.463,1.21,,,,,,,1439.847,1230.102,304025.333,18832.139,0
LAN-arm,arm64,wireguard-tcp-fast,long-transfer,0.0,3,,,,,,,,,64.207,1.649,2918.433,10.459,999.799,0.068,,,,,,,,,,,,,,,,,,,,,,,,,,,,,,,,,,,0,0.0,,,,,,,,,92,0.0,,,,,,,,,,,,,,,0,0.0,0
LAN-arm,arm64,wireguard-tcp-fast,long-transfer,0.5,3,,,,,,,,,65.273,2.68,2910.95,8.173,999.693,0.052,,,,,,,,,,,,,,,,,,,,,,,,,,,,,,,,,,,0,0.0,,,,,,,,,30.667,53.116,,,,,,,,,,,,,,,0,0.0,16
LAN-arm,arm64,wireguard-tcp-fast,long-transfer,1.0,3,,,,,,,,,65.645,2.671,2922.687,19.482,999.809,0.062,,,,,,,,,,,,,,,,,,,,,,,,,,,,,,,,,,,0,0.0,,,,,,,,,0,0.0,,,,,,,,,,,,,,,0,0.0,26
LAN-arm,arm64,wireguard-tcp-fast,long-transfer,2.0,3,,,,,,,,,63.472,1.234,2940.334,20.39,999.566,0.163,,,,,,,,,,,,,,,,,,,,,,,,,,,,,,,,,,,0,0.0,,,,,,,,,0,0.0,,,,,,,,,,,,,,,0,0.0,34
LAN-arm,arm64,wireguard-tcp-fast,long-transfer,3.0,3,,,,,,,,,63.864,2.751,2867.958,12.377,999.729,0.102,,,,,,,,,,,,,,,,,,,,,,,,,,,,,,,,,,,0,0.0,,,,,,,,,53.333,92.376,,,,,,,,,,,,,,,0,0.0,21
LAN-arm,arm64,wireguard-tcp-fast,long-transfer,5.0,3,,,,,,,,,64.71,3.539,2893.323,25.406,999.682,0.182,,,,,,,,,,,,,,,,,,,,,,,,,,,,,,,,,,,0,0.0,,,,,,,,,0,0.0,,,,,,,,,,,,,,,0,0.0,23
LAN-arm,arm64,wireguard-tcp-fast,long-transfer,10.0,3,,,,,,,,,65.887,2.784,2913.308,16.496,999.63,0.16,,,,,,,,,,,,,,,,,,,,,,,,,,,,,,,,,,,0,0.0,,,,,,,,,0,0.0,,,,,,,,,,,,,,,0,0.0,32
LAN-arm,arm64,wireguard-tcp-fast,long-transfer,20.0,3,,,,,,,,,65.597,3.271,2916.018,11.521,999.717,0.149,,,,,,,,,,,,,,,,,,,,,,,,,,,,,,,,,,,0,0.0,,,,,,,,,0,0.0,,,,,,,,,,,,,,,0,0.0,33
LAN-arm,arm64,wireguard-tcp-fast,short-transfer,0.0,3,,,,,,,,,51.16,0.279,,,,,,,,,,,,,,,,,,,,,100.0,0.0,600,0.0,600,0.0,,,,,,,,,156.414,0.585,,,,,,,,,,,,,0,0.0,,,,,,,4.441,0.017,4.812,0.015,5.014,0.075,,,0,0.0,0
LAN-arm,arm64,wireguard-tcp-fast,short-transfer,0.5,3,,,,,,,,,50.994,0.462,,,,,,,,,,,,,,,,,,,,,100.0,0.0,600,0.0,600,0.0,,,,,,,,,157.698,3.386,,,,,,,,,,,,,0,0.0,,,,,,,4.364,0.097,4.827,0.256,5.105,0.362,,,0,0.0,0
LAN-arm,arm64,wireguard-tcp-fast,short-transfer,1.0,3,,,,,,,,,50.906,0.129,,,,,,,,,,,,,,,,,,,,,100.0,0.0,600,0.0,600,0.0,,,,,,,,,160.106,0.656,,,,,,,,,,,,,0,0.0,,,,,,,4.3,0.021,4.68,0.01,5.07,0.187,,,0,0.0,0
LAN-arm,arm64,wireguard-tcp-fast,short-transfer,2.0,3,,,,,,,,,50.979,0.433,,,,,,,,,,,,,,,,,,,,,100.0,0.0,600,0.0,600,0.0,,,,,,,,,158.667,0.293,,,,,,,,,,,,,0,0.0,,,,,,,4.338,0.025,4.712,0.035,5.193,0.285,,,0,0.0,0
LAN-arm,arm64,wireguard-tcp-fast,short-transfer,3.0,3,,,,,,,,,50.965,0.343,,,,,,,,,,,,,,,,,,,,,100.0,0.0,600,0.0,600,0.0,,,,,,,,,157.629,1.659,,,,,,,,,,,,,0,0.0,,,,,,,4.378,0.037,4.807,0.139,5.26,0.171,,,0,0.0,0
LAN-arm,arm64,wireguard-tcp-fast,short-transfer,5.0,3,,,,,,,,,50.553,0.224,,,,,,,,,,,,,,,,,,,,,100.0,0.0,600,0.0,600,0.0,,,,,,,,,160.592,0.728,,,,,,,,,,,,,0,0.0,,,,,,,4.29,0.032,4.632,0.036,4.891,0.115,,,0,0.0,0
LAN-arm,arm64,wireguard-tcp-fast,short-transfer,10.0,3,,,,,,,,,50.738,0.289,,,,,,,,,,,,,,,,,,,,,100.0,0.0,600,0.0,600,0.0,,,,,,,,,159.95,0.455,,,,,,,,,,,,,0,0.0,,,,,,,4.299,0.025,4.634,0.032,4.975,0.151,,,0,0.0,0
LAN-arm,arm64,wireguard-tcp-fast,short-transfer,20.0,3,,,,,,,,,50.915,0.562,,,,,,,,,,,,,,,,,,,,,100.0,0.0,600,0.0,600,0.0,,,,,,,,,160.515,1.058,,,,,,,,,,,,,0,0.0,,,,,,,4.276,0.01,4.614,0.02,5.033,0.215,,,0,0.0,0
LAN-arm,arm64,wireguard-tcp-fast,ssh-interactive,0.0,3,,,,,,,,,0.698,0.113,,,,,,,,,,,,,,,,,,,,,,,,,,,0.0,0.0,,,,,,,,,,,,,5.332,5.089,0.249,0.174,0.584,0.015,0.22,0.027,0,0.0,,,,,,,,,,,,,,,0,0.0,30
LAN-arm,arm64,wireguard-tcp-fast,ssh-interactive,0.5,3,,,,,,,,,0.592,0.006,,,,,,,,,,,,,,,,,,,,,,,,,,,0.0,0.0,,,,,,,,,,,,,3.724,1.327,0.187,0.035,0.586,0.004,0.202,0.017,0,0.0,,,,,,,,,,,,,,,0,0.0,28
LAN-arm,arm64,wireguard-tcp-fast,ssh-interactive,1.0,3,,,,,,,,,0.648,0.069,,,,,,,,,,,,,,,,,,,,,,,,,,,0.0,0.0,,,,,,,,,,,,,3.123,0.878,0.156,0.041,0.566,0.009,0.197,0.007,0,0.0,,,,,,,,,,,,,,,0,0.0,30
LAN-arm,arm64,wireguard-tcp-fast,ssh-interactive,2.0,3,,,,,,,,,0.652,0.07,,,,,,,,,,,,,,,,,,,,,,,,,,,0.0,0.0,,,,,,,,,,,,,1.522,0.554,0.123,0.027,0.557,0.003,0.214,0.019,0,0.0,,,,,,,,,,,,,,,0,0.0,25
LAN-arm,arm64,wireguard-tcp-fast,ssh-interactive,3.0,3,,,,,,,,,0.651,0.171,,,,,,,,,,,,,,,,,,,,,,,,,,,0.0,0.0,,,,,,,,,,,,,3.971,3.189,0.19,0.099,0.569,0.023,0.212,0.013,0,0.0,,,,,,,,,,,,,,,0,0.0,29
LAN-arm,arm64,wireguard-tcp-fast,ssh-interactive,5.0,3,,,,,,,,,0.75,0.119,,,,,,,,,,,,,,,,,,,,,,,,,,,0.0,0.0,,,,,,,,,,,,,4.459,2.164,0.191,0.05,0.57,0.012,0.215,0.028,0,0.0,,,,,,,,,,,,,,,0,0.0,26
LAN-arm,arm64,wireguard-tcp-fast,ssh-interactive,10.0,3,,,,,,,,,0.622,0.064,,,,,,,,,,,,,,,,,,,,,,,,,,,0.0,0.0,,,,,,,,,,,,,2.756,1.748,0.159,0.03,0.561,0.01,0.192,0.01,0,0.0,,,,,,,,,,,,,,,0,0.0,29
LAN-arm,arm64,wireguard-tcp-fast,ssh-interactive,20.0,3,,,,,,,,,0.655,0.071,,,,,,,,,,,,,,,,,,,,,,,,,,,0.0,0.0,,,,,,,,,,,,,3.227,2.365,0.164,0.05,0.572,0.012,0.212,0.016,0,0.0,,,,,,,,,,,,,,,0,0.0,28
LAN-arm,arm64,wireguard-tcp-fast,web-mix,0.0,3,55.963,2.714,27.95,2.353,6.323,0.979,15.183,1.7,,,,,,,5000,0.0,0,0.0,5000,0.0,0,0.0,5000,0.0,0,0.0,5000,0.0,0,0.0,0.0,0.0,,,,,,,36.497,24.111,5.45,1.582,0.564,0.024,52040.117,9859.389,6.337,4.029,,,,,,,,,,,0,0.0,65.587,6.3,48.31,15.946,10.9,0.347,,,,,,,15.137,1.272,0,0.0,0
LAN-arm,arm64,wireguard-tcp-fast,web-mix,0.5,3,47.393,3.113,22.173,0.926,6.203,1.221,12.067,0.601,,,,,,,5000,0.0,0,0.0,5000,0.0,0,0.0,5000,0.0,0,0.0,5000,0.0,0,0.0,0.0,0.0,,,,,,,26.977,11.051,4.02,0.426,0.617,0.039,63281.967,3554.409,3.87,1.999,,,,,,,,,,,0,0.0,52.833,3.209,34.607,6.243,15.0,4.436,,,,,,,11.27,2.215,0,0.0,0
LAN-arm,arm64,wireguard-tcp-fast,web-mix,1.0,3,43.163,9.649,20.983,3.58,6.69,2.663,9.773,1.64,,,,,,,5000,0.0,0,0.0,5000,0.0,0,0.0,5000,0.0,0,0.0,5000,0.0,0,0.0,0.0,0.0,,,,,,,32.787,5.322,4.34,0.16,0.617,0.025,59934.8,5920.156,5.267,0.879,,,,,,,,,,,0,0.0,49.467,10.066,37.763,2.036,23.927,9.88,,,,,,,8.393,5.771,0,0.0,3
LAN-arm,arm64,wireguard-tcp-fast,web-mix,2.0,3,46.793,13.604,23.433,5.55,5.673,0.955,11.65,3.101,,,,,,,5000,0.0,0,0.0,5000,0.0,0,0.0,5000,0.0,0,0.0,5000,0.0,0,0.0,0.0,0.0,,,,,,,22.853,8.369,4.073,0.42,0.572,0.029,62827.973,2701.437,3.527,1.417,,,,,,,,,,,0,0.0,52.303,10.857,35.2,4.669,22.323,11.828,,,,,,,8.163,5.252,0,0.0,13
LAN-arm,arm64,wireguard-tcp-fast,web-mix,3.0,3,43.957,10.789,20.88,3.98,4.967,0.505,11.053,3.03,,,,,,,5000,0.0,0,0.0,5000,0.0,0,0.0,5000,0.0,0,0.0,5000,0.0,0,0.0,0.0,0.0,,,,,,,26.46,11.23,3.903,0.292,0.642,0.119,66614.567,4955.103,4.197,1.882,,,,,,,,,,,0,0.0,49.563,10.925,34.533,3.39,20.78,10.963,,,,,,,8.607,5.787,0,0.0,24
LAN-arm,arm64,wireguard-tcp-fast,web-mix,5.0,3,50.04,7.378,24.753,4.536,6.257,0.127,12.35,2.343,,,,,,,5000,0.0,0,0.0,5000,0.0,0,0.0,5000,0.0,0,0.0,5000,0.0,0,0.0,0.0,0.0,,,,,,,30.277,8.92,3.957,0.05,0.668,0.048,63099.057,3366.026,4.167,1.926,,,,,,,,,,,0,0.0,54.07,7.706,37.68,5.888,16.847,4.418,,,,,,,10.727,1.933,0,0.0,33
LAN-arm,arm64,wireguard-tcp-fast,web-mix,10.0,3,50.92,4.096,25.103,2.55,6.623,1.478,13.3,1.46,,,,,,,5000,0.0,0,0.0,5000,0.0,0,0.0,5000,0.0,0,0.0,5000,0.0,0,0.0,0.0,0.0,,,,,,,45.02,4.711,4.57,0.609,0.573,0.004,56188.6,3239.07,7.423,0.885,,,,,,,,,,,0,0.0,59.897,4.803,48.36,5.429,18.563,7.83,,,,,,,13.473,0.862,0,0.0,33
LAN-arm,arm64,wireguard-tcp-fast,web-mix,20.0,3,53.32,3.475,23.65,2.577,5.117,0.778,14.16,1.988,,,,,,,5000,0.0,0,0.0,5000,0.0,0,0.0,5000,0.0,0,0.0,5000,0.0,0,0.0,0.0,0.0,,,,,,,41.97,12.218,4.47,0.265,0.597,0.047,56629.44,3388.246,6.51,2.522,,,,,,,,,,,0,0.0,59.56,4.334,42.82,10.064,13.807,7.211,,,,,,,14.047,3.044,0,0.0,33
LAN-arm,arm64,wireguard-udp,long-transfer,0.0,3,,,,,,,,,72.069,0.272,2777.219,31.481,997.606,0.902,,,,,,,,,,,,,,,,,,,,,,,,,,,,,,,,,,,0,0.0,,,,,,,,,177602565.333,5299230.967,,,,,,,,,,,,,,,32513457606.667,237096006.999,0
LAN-arm,arm64,wireguard-udp,long-transfer,0.5,3,,,,,,,,,69.466,0.203,2318.097,8.214,992.235,0.868,,,,,,,,,,,,,,,,,,,,,,,,,,,,,,,,,,,0,0.0,,,,,,,,,177852828,6221016.741,,,,,,,,,,,,,,,28555903132,84722896.935,0
LAN-arm,arm64,wireguard-udp,long-transfer,1.0,3,,,,,,,,,60.959,5.607,1786.621,6.626,989.674,0.154,,,,,,,,,,,,,,,,,,,,,,,,,,,,,,,,,,,0,0.0,,,,,,,,,213888666.667,31344244.783,,,,,,,,,,,,,,,23882965617.333,58004867.517,0
LAN-arm,arm64,wireguard-udp,long-transfer,2.0,3,,,,,,,,,52.823,0.726,984.11,24.258,979.908,0.149,,,,,,,,,,,,,,,,,,,,,,,,,,,,,,,,,,,0,0.0,,,,,,,,,208527084,6838626.63,,,,,,,,,,,,,,,16916260386.667,181601673.18,0
LAN-arm,arm64,wireguard-udp,long-transfer,3.0,3,,,,,,,,,40.395,16.845,762.21,8.027,969.758,0.069,,,,,,,,,,,,,,,,,,,,,,,,,,,,,,,,,,,0,0.0,,,,,,,,,172000261.333,10835554.236,,,,,,,,,,,,,,,12114402053.333,4860814942.005,0
LAN-arm,arm64,wireguard-udp,long-transfer,5.0,3,,,,,,,,,41.035,0.071,292.334,190.468,949.737,0.0,,,,,,,,,,,,,,,,,,,,,,,,,,,,,,,,,,,0,0.0,,,,,,,,,75769964,45846779.769,,,,,,,,,,,,,,,7961556958.667,6349678486.187,0
LAN-arm,arm64,wireguard-udp,long-transfer,10.0,3,,,,,,,,,32.881,0.434,28.48,11.211,899.904,0.154,,,,,,,,,,,,,,,,,,,,,,,,,,,,,,,,,,,0,0.0,,,,,,,,,9427446.667,3364239.829,,,,,,,,,,,,,,,7954715585.333,102315098.676,0
LAN-arm,arm64,wireguard-udp,long-transfer,20.0,3,,,,,,,,,24.93,21.014,2.665,0.132,798.4,2.413,,,,,,,,,,,,,,,,,,,,,,,,,,,,,,,,,,,0,0.0,,,,,,,,,1265750.667,32861.949,,,,,,,,,,,,,,,4587884424,3951366654.465,0
LAN-arm,arm64,wireguard-udp,short-transfer,0.0,3,,,,,,,,,61.319,0.365,,,,,,,,,,,,,,,,,,,,,100.0,0.0,600,0.0,600,0.0,,,,,,,,,143.179,1.283,,,,,,,,,,,,,239415092,8192.422,,,,,,,4.527,0.049,6.45,0.049,7.638,0.292,,,5630501.333,63402.491,0
LAN-arm,arm64,wireguard-udp,short-transfer,0.5,3,,,,,,,,,44.697,2.999,,,,,,,,,,,,,,,,,,,,,100.0,0.0,600,0.0,600,0.0,,,,,,,,,75.749,13.15,,,,,,,,,,,,,239421993.333,4547.951,,,,,,,4.404,0.021,6.489,0.129,142.618,116.164,,,5582672,51318.161,0
LAN-arm,arm64,wireguard-udp,short-transfer,1.0,3,,,,,,,,,34.841,2.796,,,,,,,,,,,,,,,,,,,,,100.0,0.0,600,0.0,600,0.0,,,,,,,,,47.341,5.441,,,,,,,,,,,,,239420822.667,1412.88,,,,,,,4.403,0.045,6.811,0.343,1017.372,9.738,,,5640145.333,2423.143,0
LAN-arm,arm64,wireguard-udp,short-transfer,2.0,3,,,,,,,,,26.78,4.353,,,,,,,,,,,,,,,,,,,,,100.0,0.0,600,0.0,600,0.0,,,,,,,,,29.863,11.127,,,,,,,,,,,,,239432980,2983.477,,,,,,,4.429,0.006,140.562,115.876,1036.23,25.572,,,5541440,56239.372,0
LAN-arm,arm64,wireguard-udp,short-transfer,3.0,3,,,,,,,,,23.574,0.078,,,,,,,,,,,,,,,,,,,,,100.0,0.0,600,0.0,600,0.0,,,,,,,,,22.557,2.932,,,,,,,,,,,,,239434236,2905.396,,,,,,,4.382,0.075,143.67,116.261,1049.548,16.326,,,5433018.667,54294.449,0
LAN-arm,arm64,wireguard-udp,short-transfer,5.0,3,,,,,,,,,20.452,0.958,,,,,,,,,,,,,,,,,,,,,100.0,0.0,600,0.0,600,0.0,,,,,,,,,15.042,2.378,,,,,,,,,,,,,239445669.333,7054.213,,,,,,,4.417,0.065,546.375,412.05,1058.607,3.694,,,5345378.667,66588.119,0
LAN-arm,arm64,wireguard-udp,short-transfer,10.0,3,,,,,,,,,16.178,0.435,,,,,,,,,,,,,,,,,,,,,100.0,0.0,600,0.0,600,0.0,,,,,,,,,6.455,0.486,,,,,,,,,,,,,239472281.333,5293.804,,,,,,,4.458,0.055,1045.92,2.372,1268.732,5.373,,,5187122.667,42575.714,0
LAN-arm,arm64,wireguard-udp,short-transfer,20.0,3,,,,,,,,,13.802,0.298,,,,,,,,,,,,,,,,,,,,,100.0,0.0,600,0.0,600,0.0,,,,,,,,,2.761,0.075,,,,,,,,,,,,,239528232,10641.005,,,,,,,6.045,0.063,1380.613,88.19,2582.134,502.391,,,4990358.667,97023.848,0
LAN-arm,arm64,wireguard-udp,ssh-interactive,0.0,3,,,,,,,,,0.506,0.015,,,,,,,,,,,,,,,,,,,,,,,,,,,0.0,0.0,,,,,,,,,,,,,2.918,1.123,0.147,0.02,0.506,0.02,0.182,0.01,132073.333,53.116,,,,,,,,,,,,,,,132292,103.923,0
LAN-arm,arm64,wireguard-udp,ssh-interactive,0.5,3,,,,,,,,,0.514,0.07,,,,,,,,,,,,,,,,,,,,,,,,,,,0.467,0.153,,,,,,,,,,,,,1.919,0.411,0.132,0.01,0.533,0.003,0.189,0.022,131477.333,210.764,,,,,,,,,,,,,,,131634.667,295.685,0
LAN-arm,arm64,wireguard-udp,ssh-interactive,1.0,3,,,,,,,,,0.56,0.113,,,,,,,,,,,,,,,,,,,,,,,,,,,1.033,0.681,,,,,,,,,,,,,2.026,1.234,0.143,0.043,0.543,0.056,0.21,0.006,130814.667,887.029,,,,,,,,,,,,,,,130969.333,972.916,0
LAN-arm,arm64,wireguard-udp,ssh-interactive,2.0,3,,,,,,,,,0.634,0.186,,,,,,,,,,,,,,,,,,,,,,,,,,,2.0,0.557,,,,,,,,,,,,,3.244,2.441,0.163,0.058,0.533,0.024,0.212,0.015,129514.667,754.468,,,,,,,,,,,,,,,129672,810.521,0
LAN-arm,arm64,wireguard-udp,ssh-interactive,3.0,3,,,,,,,,,0.56,0.025,,,,,,,,,,,,,,,,,,,,,,,,,,,3.367,0.451,,,,,,,,,,,,,2.266,0.332,0.126,0.01,0.547,0.018,0.214,0.01,127764,530.102,,,,,,,,,,,,,,,127982.667,486.232,0
LAN-arm,arm64,wireguard-udp,ssh-interactive,5.0,3,,,,,,,,,0.596,0.07,,,,,,,,,,,,,,,,,,,,,,,,,,,5.133,0.577,,,,,,,,,,,,,1.908,0.593,0.136,0.006,0.595,0.03,0.228,0.031,125536,743.817,,,,,,,,,,,,,,,125629.333,775.632,0
LAN-arm,arm64,wireguard-udp,ssh-interactive,10.0,3,,,,,,,,,0.51,0.039,,,,,,,,,,,,,,,,,,,,,,,,,,,10.567,0.896,,,,,,,,,,,,,2.156,0.253,0.133,0.006,0.565,0.002,0.201,0.016,118996,1621.51,,,,,,,,,,,,,,,118894.667,1204.633,0
LAN-arm,arm64,wireguard-udp,ssh-interactive,20.0,3,,,,,,,,,0.647,0.084,,,,,,,,,,,,,,,,,,,,,,,,,,,20.667,0.513,,,,,,,,,,,,,8.85,5.919,0.346,0.18,0.632,0.029,0.227,0.008,105653.333,815.062,,,,,,,,,,,,,,,105682.667,756.839,0
LAN-arm,arm64,wireguard-udp,web-mix,0.0,3,49.727,3.259,23.687,1.403,5.157,0.938,12.813,2.632,,,,,,,5000,0.0,0,0.0,5000,0.0,0,0.0,5000,0.0,0,0.0,5000,0.0,0,0.0,0.0,0.0,,,,,,,14.047,3.202,3.85,0.233,0.552,0.014,61593.917,2916.7,2.207,0.459,,,,,,,,,,,1698077.333,18336.879,55.58,3.35,30.723,1.139,15.97,4.059,,,,,,,11.16,2.807,290832,6380.47,0
LAN-arm,arm64,wireguard-udp,web-mix,0.5,3,429.427,517.218,35.437,6.654,5.307,0.834,62.253,68.619,6.03,0,,,,,5000,0.0,0,0.0,5000,0.0,0,0.0,5000,0.0,0,0.0,5000,0.0,0,0.0,0.0,0.0,,,,,,,208.46,0.61,5.94,1.308,0.43,0.232,12785.183,6833.415,14.81,1.579,,,,,,,,,,,1678686.667,9327.347,432.607,513.919,58.093,6.514,41.733,19.762,,,,,,,54.867,74.169,290410.667,3994.439,0
LAN-arm,arm64,wireguard-udp,web-mix,1.0,3,156.86,95.551,26.857,7.901,5.947,1.357,29.14,17.542,,,,,,,5000,0.0,0,0.0,5000,0.0,0,0.0,5000,0.0,0,0.0,5000,0.0,0,0.0,0.0,0.0,,,,,,,210.75,0.783,6.113,0.432,0.538,0.002,17883.787,173.504,20.59,3.662,,,,,,,,,,,1679598.667,12095.793,159.57,92.445,46.42,10.019,17.8,8.883,,,,,,,26.6,14.587,294773.333,1829.349,0
LAN-arm,arm64,wireguard-udp,web-mix,2.0,3,1033.333,15.275,58.713,27.325,4.92,0.375,177.993,56.029,6.25,0.354,,,,,5000,0.0,0,0.0,5000,0.0,0,0.0,5000,0.0,0,0.0,5000,0.0,0,0.0,0.0,0.0,,,,,,,213.313,4.675,6.763,1.07,0.278,0.222,4300.39,501.618,27.277,2.072,,,,,,,,,,,1677140,20208.768,1033.333,15.275,68.383,22.767,18.977,10.668,,,,,,,176.223,56.695,295216,11297.904,0
LAN-arm,arm64,wireguard-udp,web-mix,3.0,3,1376.667,574.485,66.583,33.089,4.063,0.378,214.413,111.773,4.863,1.603,,,,,5000,0.0,0,0.0,5000,0.0,0,0.0,5000,0.0,0,0.0,5000,0.0,0,0.0,0.0,0.0,,,,,,,278.577,117.878,7.527,1.185,0.138,0.007,3923.677,1474.129,31.11,3.309,,,,,,,,,,,1674653.333,6663.527,1376.667,574.485,78.867,27.17,16.91,7.897,,,,,,,211.893,112.888,294261.333,5219.271,0
LAN-arm,arm64,wireguard-udp,web-mix,5.0,3,1100.0,121.655,67.873,16.745,5.287,1.612,190.513,49.841,6.77,0.382,,,,,5000,0.0,0,0.0,5000,0.0,0,0.0,5000,0.0,0,0.0,5000,0.0,0,0.0,0.0,0.0,,,,,,,414.02,202.257,11.213,3.155,0.283,0.218,3586.493,791.854,43.75,9.929,,,,,,,,,,,1693886.667,16280.221,1100.0,121.655,77.07,23.151,14.673,5.278,,,,,,,188.93,49.031,298876,16618.403,0
LAN-arm,arm64,wireguard-udp,web-mix,10.0,3,1723.333,408.207,159.83,29.216,4.31,0.36,387.807,63.438,5.123,1.596,,,,,5000,0.0,0,0.0,5000,0.0,0,0.0,5000,0.0,0,0.0,5000,0.0,0,0.0,0.0,0.0,,,,,,,684.643,118.885,17.433,2.086,0.149,0.015,2702.05,264.945,61.143,4.252,,,,,,,,,,,1700270.667,18595.566,1723.333,408.207,170.18,33.913,15.36,4.217,,,,,,,384.377,61.95,300832,3892.738,0
LAN-arm,arm64,wireguard-udp,web-mix,20.0,3,2826.667,1132.711,398.58,154.956,4.24,0.142,656.72,184.683,2.366,0.726,,,,,5000,0.0,0,0.0,5000,0.0,0,0.0,5000,0.0,0,0.0,5000,0.0,0,0.0,0.0,0.0,,,,,,,2884.68,3043.173,52.843,12.372,0.144,0.003,1284.947,559.239,196.037,124.62,,,,,,,,,,,1724161.333,11062.234,2830.0,1138.464,440.53,139.015,9.95,3.125,,,,,,,661.74,180.327,305776,2310.712,0
LAN-x64,x86_64,wireguard-tcp-fast,long-transfer,0.0,3,,,,,,,,,73.538,1.37,2789.386,20.728,964.599,3.83,,,,,,,,,,,,,,,,,,,,,,,,,,,,,,,,,,,0,0.0,,,,,,,,,0,0.0,,,,,,,,,,,,,,,0,0.0,34
LAN-x64,x86_64,wireguard-tcp-fast,long-transfer,0.5,3,,,,,,,,,72.788,0.221,2764.595,52.65,969.561,3.627,,,,,,,,,,,,,,,,,,,,,,,,,,,,,,,,,,,0,0.0,,,,,,,,,0,0.0,,,,,,,,,,,,,,,0,0.0,28
LAN-x64,x86_64,wireguard-tcp-fast,long-transfer,1.0,3,,,,,,,,,73.369,2.27,2731.242,5.124,974.707,1.854,,,,,,,,,,,,,,,,,,,,,,,,,,,,,,,,,,,0,0.0,,,,,,,,,0,0.0,,,,,,,,,,,,,,,0,0.0,23
LAN-x64,x86_64,wireguard-tcp-fast,long-transfer,2.0,3,,,,,,,,,74.836,1.462,2769.111,40.844,961.893,5.028,,,,,,,,,,,,,,,,,,,,,,,,,,,,,,,,,,,0,0.0,,,,,,,,,0,0.0,,,,,,,,,,,,,,,0,0.0,33
LAN-x64,x86_64,wireguard-tcp-fast,long-transfer,3.0,3,,,,,,,,,74.048,0.822,2790.886,13.384,966.872,4.181,,,,,,,,,,,,,,,,,,,,,,,,,,,,,,,,,,,0,0.0,,,,,,,,,0,0.0,,,,,,,,,,,,,,,0,0.0,32
LAN-x64,x86_64,wireguard-tcp-fast,long-transfer,5.0,3,,,,,,,,,74.526,1.256,2749.286,23.975,971.531,1.528,,,,,,,,,,,,,,,,,,,,,,,,,,,,,,,,,,,0,0.0,,,,,,,,,0,0.0,,,,,,,,,,,,,,,0,0.0,24
LAN-x64,x86_64,wireguard-tcp-fast,long-transfer,10.0,3,,,,,,,,,74.627,1.312,2751.21,29.414,968.606,5.934,,,,,,,,,,,,,,,,,,,,,,,,,,,,,,,,,,,0,0.0,,,,,,,,,0,0.0,,,,,,,,,,,,,,,0,0.0,27
LAN-x64,x86_64,wireguard-tcp-fast,long-transfer,20.0,3,,,,,,,,,73.571,1.228,2769.447,21.209,953.657,13.276,,,,,,,,,,,,,,,,,,,,,,,,,,,,,,,,,,,0,0.0,,,,,,,,,0,0.0,,,,,,,,,,,,,,,0,0.0,34
LAN-x64,x86_64,wireguard-tcp-fast,short-transfer,0.0,3,,,,,,,,,53.523,0.201,,,,,,,,,,,,,,,,,,,,,100.0,0.0,600,0.0,600,0.0,,,,,,,,,152.549,2.957,,,,,,,,,,,,,10.667,18.475,,,,,,,4.145,0.061,4.825,0.378,6.076,0.834,,,0,0.0,0
LAN-x64,x86_64,wireguard-tcp-fast,short-transfer,0.5,3,,,,,,,,,53.443,1.164,,,,,,,,,,,,,,,,,,,,,100.0,0.0,600,0.0,600,0.0,,,,,,,,,152.873,2.088,,,,,,,,,,,,,0,0.0,,,,,,,4.097,0.05,5.079,0.513,6.311,0.566,,,0,0.0,0
LAN-x64,x86_64,wireguard-tcp-fast,short-transfer,1.0,3,,,,,,,,,53.334,0.894,,,,,,,,,,,,,,,,,,,,,100.0,0.0,600,0.0,600,0.0,,,,,,,,,149.48,7.01,,,,,,,,,,,,,0,0.0,,,,,,,4.088,0.011,5.241,0.365,6.654,0.842,,,0,0.0,0
LAN-x64,x86_64,wireguard-tcp-fast,short-transfer,2.0,3,,,,,,,,,52.939,0.255,,,,,,,,,,,,,,,,,,,,,100.0,0.0,600,0.0,600,0.0,,,,,,,,,153.81,1.093,,,,,,,,,,,,,0,0.0,,,,,,,4.087,0.003,4.815,0.113,6.18,0.293,,,0,0.0,0
LAN-x64,x86_64,wireguard-tcp-fast,short-transfer,3.0,3,,,,,,,,,53.589,0.382,,,,,,,,,,,,,,,,,,,,,100.0,0.0,600,0.0,600,0.0,,,,,,,,,152.597,6.065,,,,,,,,,,,,,0,0.0,,,,,,,4.029,0.033,4.65,0.155,6.183,0.98,,,0,0.0,0
LAN-x64,x86_64,wireguard-tcp-fast,short-transfer,5.0,3,,,,,,,,,53.478,0.965,,,,,,,,,,,,,,,,,,,,,100.0,0.0,600,0.0,600,0.0,,,,,,,,,154.982,2.234,,,,,,,,,,,,,0,0.0,,,,,,,4.068,0.034,4.749,0.153,5.637,0.271,,,0,0.0,0
LAN-x64,x86_64,wireguard-tcp-fast,short-transfer,10.0,3,,,,,,,,,52.988,0.394,,,,,,,,,,,,,,,,,,,,,100.0,0.0,600,0.0,600,0.0,,,,,,,,,154.545,0.864,,,,,,,,,,,,,0,0.0,,,,,,,4.053,0.021,4.615,0.117,5.778,0.378,,,0,0.0,0
LAN-x64,x86_64,wireguard-tcp-fast,short-transfer,20.0,3,,,,,,,,,53.015,1.874,,,,,,,,,,,,,,,,,,,,,100.0,0.0,600,0.0,600,0.0,,,,,,,,,142.375,6.059,,,,,,,,,,,,,0,0.0,,,,,,,4.054,0.034,4.868,0.409,6.343,0.983,,,0,0.0,18
LAN-x64,x86_64,wireguard-tcp-fast,ssh-interactive,0.0,3,,,,,,,,,1.802,0.226,,,,,,,,,,,,,,,,,,,,,,,,,,,0.0,0.0,,,,,,,,,,,,,140.238,10.764,14.687,2.653,2.954,0.787,0.198,0.026,0,0.0,,,,,,,,,,,,,,,0,0.0,32
LAN-x64,x86_64,wireguard-tcp-fast,ssh-interactive,0.5,3,,,,,,,,,1.711,0.201,,,,,,,,,,,,,,,,,,,,,,,,,,,0.0,0.0,,,,,,,,,,,,,144.896,6.529,13.626,2.229,2.588,0.689,0.152,0.024,0,0.0,,,,,,,,,,,,,,,0,0.0,27
LAN-x64,x86_64,wireguard-tcp-fast,ssh-interactive,1.0,3,,,,,,,,,1.87,0.106,,,,,,,,,,,,,,,,,,,,,,,,,,,0.0,0.0,,,,,,,,,,,,,144.037,4.735,14.892,1.54,3.039,0.556,0.165,0.035,0,0.0,,,,,,,,,,,,,,,0,0.0,31
LAN-x64,x86_64,wireguard-tcp-fast,ssh-interactive,2.0,3,,,,,,,,,1.668,0.283,,,,,,,,,,,,,,,,,,,,,,,,,,,0.0,0.0,,,,,,,,,,,,,140.875,2.723,14.033,1.627,2.667,0.58,0.211,0.046,0,0.0,,,,,,,,,,,,,,,0,0.0,27
LAN-x64,x86_64,wireguard-tcp-fast,ssh-interactive,3.0,3,,,,,,,,,1.937,0.333,,,,,,,,,,,,,,,,,,,,,,,,,,,0.0,0.0,,,,,,,,,,,,,144.103,4.125,14.784,1.635,2.942,0.612,0.164,0.011,0,0.0,,,,,,,,,,,,,,,0,0.0,30
LAN-x64,x86_64,wireguard-tcp-fast,ssh-interactive,5.0,3,,,,,,,,,1.68,0.147,,,,,,,,,,,,,,,,,,,,,,,,,,,0.0,0.0,,,,,,,,,,,,,142.893,7.389,13.257,1.748,2.418,0.488,0.147,0.006,0,0.0,,,,,,,,,,,,,,,0,0.0,25
LAN-x64,x86_64,wireguard-tcp-fast,ssh-interactive,10.0,3,,,,,,,,,1.766,0.142,,,,,,,,,,,,,,,,,,,,,,,,,,,0.0,0.0,,,,,,,,,,,,,141.829,5.489,14.229,0.998,2.755,0.353,0.139,0.003,0,0.0,,,,,,,,,,,,,,,0,0.0,29
LAN-x64,x86_64,wireguard-tcp-fast,ssh-interactive,20.0,3,,,,,,,,,1.667,0.184,,,,,,,,,,,,,,,,,,,,,,,,,,,0.0,0.0,,,,,,,,,,,,,151.371,14.608,13.289,1.717,2.44,0.579,0.185,0.022,0,0.0,,,,,,,,,,,,,,,0,0.0,26
LAN-x64,x86_64,wireguard-tcp-fast,web-mix,0.0,3,42.19,0,19.65,0,6.06,0,9.85,0,,,,,,,1666.667,2886.751,3333.333,2886.751,5000,0.0,0,0.0,5000,0.0,0,0,5000,0,0,0,0.0,0,,,,,,,30.98,0,4.87,0,0.446,0,54797.52,0,4.43,0,,,,,,,,,,,116,148.97,50.14,0,34.94,0,17.34,0,,,,,,,10.17,0,0,0.0,8
LAN-x64,x86_64,wireguard-tcp-fast,web-mix,0.5,3,127.8,149.873,79.123,100.889,52.663,80.919,28.517,31.421,,,,,,,5000,0.0,0,0.0,5000,0.0,0,0.0,5000,0.0,0,0.0,5000,0.0,0,0.0,0.0,0.0,,,,,,,69.577,64.527,7.097,4.616,0.394,0.146,42121.35,24428.097,13.303,16.089,,,,,,,,,,,0,0.0,136.387,152.019,123.24,149.666,106.223,155.332,,,,,,,9.897,1.932,0,0.0,30
LAN-x64,x86_64,wireguard-tcp-fast,web-mix,1.0,3,44.737,8.551,22.523,3.83,6.907,0.583,10.707,1.845,,,,,,,5000,0.0,0,0.0,5000,0.0,0,0.0,5000,0.0,0,0.0,5000,0.0,0,0.0,0.0,0.0,,,,,,,32.683,4.435,5.83,0.783,0.34,0.19,50491.08,2899.901,5.163,0.57,,,,,,,,,,,0,0.0,53.593,5.644,40.497,3.987,14.867,7.194,,,,,,,10.433,2.111,0,0.0,34
LAN-x64,x86_64,wireguard-tcp-fast,web-mix,2.0,3,50.197,14.413,23.837,5.564,6.303,0.402,12.577,4.133,,,,,,,5000,0.0,0,0.0,5000,0.0,0,0.0,5000,0.0,0,0.0,5000,0.0,0,0.0,0.0,0.0,,,,,,,21.753,6.366,4.717,0.401,0.446,0.108,52342.257,2941.813,3.39,1.48,,,,,,,,,,,0,0.0,57.713,10.121,35.7,4.172,18.06,9.238,,,,,,,10.73,5.013,0,0.0,34
LAN-x64,x86_64,wireguard-tcp-fast,web-mix,3.0,3,45.747,4.873,20.923,0.565,7.303,0.602,10.55,0.259,,,,,,,5000,0.0,0,0.0,5000,0.0,0,0.0,5000,0.0,0,0.0,5000,0.0,0,0.0,0.0,0.0,,,,,,,22.037,5.137,4.47,0.347,0.31,0.197,56763.923,1075.477,3.193,0.853,,,,,,,,,,,0,0.0,51.337,4.997,33.203,2.117,18.383,1.67,,,,,,,9.127,1.513,0,0.0,30
LAN-x64,x86_64,wireguard-tcp-fast,web-mix,5.0,3,49.55,11.624,24.643,6.505,6.26,1.976,12.687,3.355,,,,,,,5000,0.0,0,0.0,5000,0.0,0,0.0,5000,0.0,0,0.0,5000,0.0,0,0.0,0.0,0.0,,,,,,,17.96,10.697,4.273,0.846,0.293,0.128,53211.97,2931.056,2.983,1.408,,,,,,,,,,,0,0.0,56.827,13.028,34.017,4.988,13.893,4.607,,,,,,,13.417,5.296,0,0.0,22
LAN-x64,x86_64,wireguard-tcp-fast,web-mix,10.0,3,41.013,5.057,21.457,2.636,7.177,0.966,9.69,1.742,,,,,,,5000,0.0,0,0.0,5000,0.0,0,0.0,5000,0.0,0,0.0,5000,0.0,0,0.0,0.0,0.0,,,,,,,30.983,6.582,4.477,0.72,0.403,0.049,54759.107,1913.573,3.937,0.836,,,,,,,,,,,0,0.0,50.91,0.921,36.807,3.516,22.63,9.134,,,,,,,8.377,2.427,0,0.0,23
LAN-x64,x86_64,wireguard-tcp-fast,web-mix,20.0,3,144.943,160.761,74.28,85.415,7.007,0.894,49.11,62.591,,,,,,,5000,0.0,0,0.0,5000,0.0,0,0.0,5000,0.0,0,0.0,5000,0.0,0,0.0,0.0,0.0,,,,,,,33.887,12.269,8.097,5.577,0.259,0.1,38221.863,20861.918,7.177,4.895,,,,,,,,,,,0,0.0,152.6,157.181,89.507,85.407,14.073,5.281,,,,,,,48.083,60.446,0,0.0,26
LAN-x64,x86_64,wireguard-udp,long-transfer,0.0,3,,,,,,,,,78.826,0.665,2588.172,6.7,976.248,3.915,,,,,,,,,,,,,,,,,,,,,,,,,,,,,,,,,,,0,0.0,,,,,,,,,101155566.667,2281143.834,,,,,,,,,,,,,,,30922799620,22120223.197,0
LAN-x64,x86_64,wireguard-udp,long-transfer,0.5,3,,,,,,,,,74.78,1.745,2080.003,32.244,968.328,4.547,,,,,,,,,,,,,,,,,,,,,,,,,,,,,,,,,,,0,0.0,,,,,,,,,97794702.667,3139354.297,,,,,,,,,,,,,,,26453747112,286042972.677,0
LAN-x64,x86_64,wireguard-udp,long-transfer,1.0,3,,,,,,,,,72.4,1.291,1590.591,10.095,963.331,0.392,,,,,,,,,,,,,,,,,,,,,,,,,,,,,,,,,,,0,0.0,,,,,,,,,115896890.667,9437240.687,,,,,,,,,,,,,,,22156501794.667,85641622.489,0
LAN-x64,x86_64,wireguard-udp,long-transfer,2.0,3,,,,,,,,,56.039,1.587,638.079,18.597,955.031,4.44,,,,,,,,,,,,,,,,,,,,,,,,,,,,,,,,,,,0,0.0,,,,,,,,,118611534.667,8078924.645,,,,,,,,,,,,,,,13901216160,115162074.277,0
LAN-x64,x86_64,wireguard-udp,long-transfer,3.0,3,,,,,,,,,51.634,0.116,426.772,20.292,934.385,30.126,,,,,,,,,,,,,,,,,,,,,,,,,,,,,,,,,,,0,0.0,,,,,,,,,90831280,2535204.311,,,,,,,,,,,,,,,11990572878.667,172184897.143,0
LAN-x64,x86_64,wireguard-udp,long-transfer,5.0,3,,,,,,,,,44.657,1.101,212.012,10.206,926.14,2.575,,,,,,,,,,,,,,,,,,,,,,,,,,,,,,,,,,,0,0.0,,,,,,,,,48243252,1372946.807,,,,,,,,,,,,,,,9957413328,82522128.656,0
LAN-x64,x86_64,wireguard-udp,long-transfer,10.0,3,,,,,,,,,14.541,21.333,28.794,2.014,880.556,0,,,,,,,,,,,,,,,,,,,,,,,,,,,,,,,,,,,0,0.0,,,,,,,,,8781822.667,667154.713,,,,,,,,,,,,,,,2820452681.333,4433647567.311,0
LAN-x64,x86_64,wireguard-udp,long-transfer,20.0,3,,,,,,,,,24.021,20.102,2.642,0.085,781.307,1.827,,,,,,,,,,,,,,,,,,,,,,,,,,,,,,,,,,,0,0.0,,,,,,,,,1131140,62494.896,,,,,,,,,,,,,,,4587546520,3952480254.234,0
LAN-x64,x86_64,wireguard-udp,short-transfer,0.0,3,,,,,,,,,60.611,0.116,,,,,,,,,,,,,,,,,,,,,100.0,0.0,600,0.0,600,0.0,,,,,,,,,131.143,0.842,,,,,,,,,,,,,239383101.333,3332.039,,,,,,,4.418,0.076,7.337,0.04,8.789,0.784,,,5152373.333,50334.679,0
LAN-x64,x86_64,wireguard-udp,short-transfer,0.5,3,,,,,,,,,50.409,9.786,,,,,,,,,,,,,,,,,,,,,100.0,0.0,600,0.0,600,0.0,,,,,,,,,91.569,36.238,,,,,,,,,,,,,239388468,792.03,,,,,,,4.477,0.125,7.554,0.301,79.079,113.264,,,5116752,43946.373,0
LAN-x64,x86_64,wireguard-udp,short-transfer,1.0,3,,,,,,,,,35.401,2.962,,,,,,,,,,,,,,,,,,,,,100.0,0.0,600,0.0,600,0.0,,,,,,,,,43.978,7.692,,,,,,,,,,,,,239397081.333,2702.592,,,,,,,4.419,0.054,8.033,0.385,1023.121,12.347,,,5090128,32681.53,0
LAN-x64,x86_64,wireguard-udp,short-transfer,2.0,3,,,,,,,,,28.373,1.801,,,,,,,,,,,,,,,,,,,,,100.0,0.0,600,0.0,600,0.0,,,,,,,,,28.067,3.595,,,,,,,,,,,,,239402420,7346.844,,,,,,,4.557,0.057,11.181,2.312,1054.19,3.435,,,5052270.667,71157.161,0
LAN-x64,x86_64,wireguard-udp,short-transfer,3.0,3,,,,,,,,,24.1,0.534,,,,,,,,,,,,,,,,,,,,,100.0,0.0,600,0.0,600,0.0,,,,,,,,,19.665,1.006,,,,,,,,,,,,,239411516,4702.032,,,,,,,4.582,0.064,211.367,0.983,1056.732,2.361,,,4924260,91627.269,0
LAN-x64,x86_64,wireguard-udp,short-transfer,5.0,3,,,,,,,,,21.65,1.631,,,,,,,,,,,,,,,,,,,,,100.0,0.0,600,0.0,600,0.0,,,,,,,,,14.31,2.984,,,,,,,,,,,,,239418917.333,3965.573,,,,,,,4.623,0.009,742.408,458.751,1065.123,2.045,,,4866420,63578.264,0
LAN-x64,x86_64,wireguard-udp,short-transfer,10.0,3,,,,,,,,,15.873,0.851,,,,,,,,,,,,,,,,,,,,,100.0,0.0,600,0.0,600,0.0,,,,,,,,,6.006,0.588,,,,,,,,,,,,,239458338.667,3471.374,,,,,,,5.15,0.032,1054.327,7.149,1809.213,467.402,,,4735510.667,6656.276,0
LAN-x64,x86_64,wireguard-udp,short-transfer,20.0,3,,,,,,,,,13.621,0.65,,,,,,,,,,,,,,,,,,,,,100.0,0.0,600,0.0,600,0.0,,,,,,,,,2.6,0.098,,,,,,,,,,,,,239519430.667,14299.473,,,,,,,7.948,0.909,1858.635,182.747,2813.771,239.32,,,4413000,78470.905,0
LAN-x64,x86_64,wireguard-udp,ssh-interactive,0.0,3,,,,,,,,,0.82,0.124,,,,,,,,,,,,,,,,,,,,,,,,,,,0.0,0.0,,,,,,,,,,,,,126.816,16.101,10.432,1.181,1.758,0.298,0.196,0.023,132164,48.497,,,,,,,,,,,,,,,132329.333,53.116,0
LAN-x64,x86_64,wireguard-udp,ssh-interactive,0.5,3,,,,,,,,,0.611,0.124,,,,,,,,,,,,,,,,,,,,,,,,,,,0.533,0.058,,,,,,,,,,,,,135.69,8.995,10.002,2.499,1.607,0.523,0.199,0.012,131560,96.25,,,,,,,,,,,,,,,131680,47.159,0
LAN-x64,x86_64,wireguard-udp,ssh-interactive,1.0,3,,,,,,,,,0.685,0.073,,,,,,,,,,,,,,,,,,,,,,,,,,,1.033,0.513,,,,,,,,,,,,,134.93,10.532,10.266,1.451,1.675,0.355,0.202,0.015,130841.333,592.221,,,,,,,,,,,,,,,131006.667,646.966,0
LAN-x64,x86_64,wireguard-udp,ssh-interactive,2.0,3,,,,,,,,,0.562,0.193,,,,,,,,,,,,,,,,,,,,,,,,,,,1.833,0.153,,,,,,,,,,,,,137.058,8.549,9.46,0.28,1.433,0.169,0.193,0.011,129789.333,300.409,,,,,,,,,,,,,,,129952,212.075,0
LAN-x64,x86_64,wireguard-udp,ssh-interactive,3.0,3,,,,,,,,,2.266,1.577,,,,,,,,,,,,,,,,,,,,,,,,,,,2.467,0.058,,,,,,,,,,,,,120.039,15.409,9.199,2.804,1.529,0.523,0.205,0.029,128918.667,112.38,,,,,,,,,,,,,,,129110.667,73.901,0
LAN-x64,x86_64,wireguard-udp,ssh-interactive,5.0,3,,,,,,,,,0.526,0.047,,,,,,,,,,,,,,,,,,,,,,,,,,,3.9,0.436,,,,,,,,,,,,,130.904,24.597,10.285,2.079,1.62,0.408,0.2,0.011,127020,557.939,,,,,,,,,,,,,,,127276,557.939,0
LAN-x64,x86_64,wireguard-udp,ssh-interactive,10.0,3,,,,,,,,,0.47,0.103,,,,,,,,,,,,,,,,,,,,,,,,,,,9.667,0.85,,,,,,,,,,,,,133.422,0.755,9.054,0.634,1.307,0.144,0.204,0.027,119788,1060.837,,,,,,,,,,,,,,,119734.667,1163.205,0
LAN-x64,x86_64,wireguard-udp,ssh-interactive,20.0,3,,,,,,,,,0.554,0.11,,,,,,,,,,,,,,,,,,,,,,,,,,,20.467,1.026,,,,,,,,,,,,,133.519,6.823,10.282,2.401,1.648,0.569,0.199,0.035,106550.667,580.721,,,,,,,,,,,,,,,106038.667,1146.803,0
LAN-x64,x86_64,wireguard-udp,web-mix,0.0,3,45.353,11.992,23.127,7.928,8.25,2.874,9.86,2.336,,,,,,,5000,0.0,0,0.0,5000,0.0,0,0.0,5000,0.0,0,0.0,5000,0.0,0,0.0,0.0,0.0,,,,,,,22.393,2.063,4.037,1.225,0.321,0.246,56556.37,4664.307,3.347,1.461,,,,,,,,,,,1696528,20942.02,53.787,13.229,39.363,9.106,25.883,9.434,,,,,,,9.177,4.849,285680,7644.133,0
LAN-x64,x86_64,wireguard-udp,web-mix,0.5,3,362.573,552.031,25.37,10.299,6.777,1.153,52.903,75.118,,,,,,,5000,0.0,0,0.0,5000,0.0,0,0.0,5000,0.0,0,0.0,5000,0.0,0,0.0,0.0,0.0,,,,,,,209.733,1.339,5.753,0.503,0.167,0.019,13602.14,7501.709,16.637,2.987,,,,,,,,,,,1695964,21552.872,365.213,549.748,38.007,13.25,19.497,6.942,,,,,,,50.493,75.196,288053.333,6600.506,0
LAN-x64,x86_64,wireguard-udp,web-mix,1.0,3,358.57,564.157,28.387,19.085,6.31,0.61,51.68,76.282,9.5,0,,,,,5000,0.0,0,0.0,5000,0.0,0,0.0,5000,0.0,0,0.0,5000,0.0,0,0.0,0.0,0.0,,,,,,,208.86,2.949,6.817,1.986,0.175,0.019,13431.807,7368.277,14.567,1.484,,,,,,,,,,,1710417.333,41764.928,364.36,559.144,40.59,13.354,18.86,8.502,,,,,,,49.913,77.34,296181.333,13561.681,0
LAN-x64,x86_64,wireguard-udp,web-mix,2.0,3,1046.667,5.774,132.07,130.205,59.32,91.444,175.583,27.587,13.89,9.625,,,,,5000,0.0,0,0.0,5000,0.0,0,0.0,5000,0.0,0,0.0,5000,0.0,0,0.0,0.0,0.0,,,,,,,312.55,104.426,7.433,1.865,0.186,0.021,4499.933,454.923,26.167,7.11,,,,,,,,,,,1676034.667,15835.469,1046.667,5.774,157.207,155.337,103.607,163.128,,,,,,,166.65,31.375,277070.667,6247.13,0
LAN-x64,x86_64,wireguard-udp,web-mix,3.0,3,1380.0,563.116,95.997,33.086,8.943,4.345,277.873,61.406,8.46,0,,,,,5000,0.0,0,0.0,5000,0.0,0,0.0,5000,0.0,0,0.0,5000,0.0,0,0.0,0.0,0.0,,,,,,,241.607,51.761,8.767,0.393,0.151,0.03,3439.363,1128.115,33.58,2.357,,,,,,,,,,,1686696,11829.733,1380.0,563.116,108.223,33.808,20.85,0.999,,,,,,,274.787,60.505,290870.667,6559.439,0
LAN-x64,x86_64,wireguard-udp,web-mix,5.0,3,768.543,479.072,67.373,42.597,9.183,4.139,161.12,116.708,8.06,1.4,,,,,5000,0.0,0,0.0,5000,0.0,0,0.0,5000,0.0,0,0.0,5000,0.0,0,0.0,0.0,0.0,,,,,,,346.337,116.945,9.46,2.604,0.18,0.019,6297.313,4261.42,35.83,13.001,,,,,,,,,,,1711485.333,32973.285,776.09,466.007,77.17,38.623,17.78,6.206,,,,,,,161.513,114.087,281893.333,5368.527,0
LAN-x64,x86_64,wireguard-udp,web-mix,10.0,3,1703.333,591.805,184.193,48.547,6.467,0.297,407.46,105.859,8.073,3.78,,,,,5000,0.0,0,0.0,5000,0.0,0,0.0,5000,0.0,0,0.0,5000,0.0,0,0.0,0.0,0.0,,,,,,,549.063,234.007,18.363,2.077,0.178,0.01,2588.13,810.381,59.12,7.889,,,,,,,,,,,1706794.667,20947.865,1703.333,591.805,197.853,51.933,17.323,3.745,,,,,,,407.11,110.6,300153.333,6757.231,0
LAN-x64,x86_64,wireguard-udp,web-mix,20.0,3,3180.0,1041.729,404.343,56.828,6.0,0.996,670.31,23.646,3.072,0.494,,,,,5000,0.0,0,0.0,5000,0.0,0,0.0,5000,0.0,0,0.0,5000,0.0,0,0.0,0.0,0.0,,,,,,,1817.643,1199.715,45.747,8.839,0.172,0.008,1298.833,272.942,139.21,40.112,,,,,,,,,,,1744113.333,9858.863,3250.0,929.892,432.833,65.7,13.95,0.344,,,,,,,675.777,24.458,300634.667,7728.088,0
MAX-arm,arm64,wireguard-tcp-fast,long-transfer,0.0,3,,,,,,,,,27.066,15.497,370.057,6.404,999.39,0.128,,,,,,,,,,,,,,,,,,,,,,,,,,,,,,,,,,,0,0.0,,,,,,,,,200,118.861,,,,,,,,,,,,,,,0,0.0,0
MAX-arm,arm64,wireguard-tcp-fast,long-transfer,0.5,3,,,,,,,,,29.193,17.439,365.342,7.259,999.624,0.028,,,,,,,,,,,,,,,,,,,,,,,,,,,,,,,,,,,0,0.0,,,,,,,,,200,47.159,,,,,,,,,,,,,,,0,0.0,0
MAX-arm,arm64,wireguard-tcp-fast,long-transfer,1.0,3,,,,,,,,,38.513,3.384,390.083,7.341,999.585,0.096,,,,,,,,,,,,,,,,,,,,,,,,,,,,,,,,,,,0,0.0,,,,,,,,,262.667,18.475,,,,,,,,,,,,,,,0,0.0,0
MAX-arm,arm64,wireguard-tcp-fast,long-transfer,2.0,3,,,,,,,,,27.61,15.269,391.751,25.16,999.71,0.212,,,,,,,,,,,,,,,,,,,,,,,,,,,,,,,,,,,0,0.0,,,,,,,,,210.667,100.585,,,,,,,,,,,,,,,0,0.0,0
MAX-arm,arm64,wireguard-tcp-fast,long-transfer,3.0,3,,,,,,,,,37.114,1.507,394.9,12.287,999.479,0.089,,,,,,,,,,,,,,,,,,,,,,,,,,,,,,,,,,,0,0.0,,,,,,,,,232,64.374,,,,,,,,,,,,,,,0,0.0,0
MAX-arm,arm64,wireguard-tcp-fast,long-transfer,5.0,3,,,,,,,,,36.532,0.569,379.543,8.541,999.629,0.025,,,,,,,,,,,,,,,,,,,,,,,,,,,,,,,,,,,0,0.0,,,,,,,,,262.667,18.475,,,,,,,,,,,,,,,0,0.0,0
MAX-arm,arm64,wireguard-tcp-fast,long-transfer,10.0,3,,,,,,,,,,,381.772,20.107,998.719,0.359,,,,,,,,,,,,,,,,,,,,,,,,,,,,,,,,,,,0,0.0,,,,,,,,,232,34.641,,,,,,,,,,,,,,,0,0.0,0
MAX-arm,arm64,wireguard-tcp-fast,long-transfer,20.0,3,,,,,,,,,,,382.513,28.258,999.639,0.354,,,,,,,,,,,,,,,,,,,,,,,,,,,,,,,,,,,0,0.0,,,,,,,,,262.667,18.475,,,,,,,,,,,,,,,0,0.0,0
MAX-arm,arm64,wireguard-tcp-fast,short-transfer,0.0,3,,,,,,,,,2.791,3.061,,,,,,,,,,,,,,,,,,,,,100.0,0.0,600,0.0,600,0.0,,,,,,,,,0.75,0.005,,,,,,,,,,,,,1422.667,53.116,,,,,,,697.901,0.036,698.876,0.503,929.459,0.101,,,0,0.0,0
MAX-arm,arm64,wireguard-tcp-fast,short-transfer,0.5,3,,,,,,,,,9.221,6.146,,,,,,,,,,,,,,,,,,,,,100.0,0.0,600,0.0,600,0.0,,,,,,,,,0.748,0.006,,,,,,,,,,,,,1442.667,71.591,,,,,,,697.923,0.038,852.748,132.933,930.368,0.749,,,0,0.0,0
MAX-arm,arm64,wireguard-tcp-fast,short-transfer,1.0,3,,,,,,,,,9.586,4.772,,,,,,,,,,,,,,,,,,,,,100.0,0.0,600,0.0,600,0.0,,,,,,,,,0.751,0.001,,,,,,,,,,,,,1453.333,53.116,,,,,,,697.942,0.026,929.366,0.08,930.635,0.333,,,0,0.0,0
MAX-arm,arm64,wireguard-tcp-fast,short-transfer,2.0,3,,,,,,,,,1.091,0.228,,,,,,,,,,,,,,,,,,,,,100.0,0.0,600,0.0,600,0.0,,,,,,,,,0.752,0.0,,,,,,,,,,,,,1453.333,53.116,,,,,,,697.9,0.065,775.55,133.054,929.584,0.029,,,0,0.0,0
MAX-arm,arm64,wireguard-tcp-fast,short-transfer,3.0,3,,,,,,,,,0.97,0.015,,,,,,,,,,,,,,,,,,,,,100.0,0.0,600,0.0,600,0.0,,,,,,,,,0.751,0.002,,,,,,,,,,,,,1442.667,71.591,,,,,,,697.877,0.009,776.405,132.289,929.498,0.066,,,0,0.0,0
MAX-arm,arm64,wireguard-tcp-fast,short-transfer,5.0,3,,,,,,,,,0.972,0.029,,,,,,,,,,,,,,,,,,,,,100.0,0.0,600,0.0,600,0.0,,,,,,,,,0.752,0.002,,,,,,,,,,,,,1422.667,53.116,,,,,,,697.875,0.006,775.768,132.796,929.64,0.086,,,0,0.0,0
MAX-arm,arm64,wireguard-tcp-fast,short-transfer,10.0,3,,,,,,,,,,,,,,,,,,,,,,,,,,,,,,,100.0,0.0,267,0.0,267,0.0,,,,,,,,,0.744,0.001,,,,,,,,,,,,,673.333,46.705,,,,,,,695.191,0.007,925.648,0.197,926.082,0.091,,,0,0.0,0
MAX-arm,arm64,wireguard-tcp-fast,short-transfer,20.0,3,,,,,,,,,,,,,,,,,,,,,,,,,,,,,,,100.0,0.0,270,0.0,270,0.0,,,,,,,,,0.749,0.002,,,,,,,,,,,,,642.667,18.475,,,,,,,695.244,0.068,925.604,0.141,926.152,0.066,,,0,0.0,0
MAX-arm,arm64,wireguard-tcp-fast,ssh-interactive,0.0,3,,,,,,,,,0.641,0.04,,,,,,,,,,,,,,,,,,,,,,,,,,,0.0,0.0,,,,,,,,,,,,,233.278,0.236,0.147,0.009,231.463,0.036,231.099,0.023,105.333,71.591,,,,,,,,,,,,,,,0,0.0,0
MAX-arm,arm64,wireguard-tcp-fast,ssh-interactive,0.5,3,,,,,,,,,0.682,0.059,,,,,,,,,,,,,,,,,,,,,,,,,,,0.0,0.0,,,,,,,,,,,,,232.654,0.233,0.115,0.01,231.454,0.019,231.142,0.028,64,0.0,,,,,,,,,,,,,,,0,0.0,0
MAX-arm,arm64,wireguard-tcp-fast,ssh-interactive,1.0,3,,,,,,,,,0.792,0.208,,,,,,,,,,,,,,,,,,,,,,,,,,,0.0,0.0,,,,,,,,,,,,,233.709,0.503,0.167,0.033,231.468,0.004,231.123,0.01,64,0.0,,,,,,,,,,,,,,,0,0.0,0
MAX-arm,arm64,wireguard-tcp-fast,ssh-interactive,2.0,3,,,,,,,,,0.654,0.019,,,,,,,,,,,,,,,,,,,,,,,,,,,0.0,0.0,,,,,,,,,,,,,233.543,1.328,0.139,0.035,231.456,0.019,231.103,0.022,64,0.0,,,,,,,,,,,,,,,0,0.0,0
MAX-arm,arm64,wireguard-tcp-fast,ssh-interactive,3.0,3,,,,,,,,,0.632,0.065,,,,,,,,,,,,,,,,,,,,,,,,,,,0.0,0.0,,,,,,,,,,,,,234.237,1.323,0.173,0.052,231.476,0.029,231.126,0.032,105.333,71.591,,,,,,,,,,,,,,,0,0.0,0
MAX-arm,arm64,wireguard-tcp-fast,ssh-interactive,5.0,3,,,,,,,,,0.657,0.043,,,,,,,,,,,,,,,,,,,,,,,,,,,0.0,0.0,,,,,,,,,,,,,233.295,0.525,0.131,0.01,231.449,0.014,231.135,0.031,94.667,53.116,,,,,,,,,,,,,,,0,0.0,0
MAX-arm,arm64,wireguard-tcp-fast,ssh-interactive,10.0,3,,,,,,,,,0.86,0.018,,,,,,,,,,,,,,,,,,,,,,,,,,,100.0,0.0,,,,,,,,,,,,,,,,,,,,,0,0.0,,,,,,,,,,,,,,,0,0.0,0
MAX-arm,arm64,wireguard-tcp-fast,ssh-interactive,20.0,3,,,,,,,,,3.99,4.175,,,,,,,,,,,,,,,,,,,,,,,,,,,100.0,0.0,,,,,,,,,,,,,,,,,,,,,0,0.0,,,,,,,,,,,,,,,0,0.0,0
MAX-arm,arm64,wireguard-tcp-fast,web-mix,0.0,3,496.417,6.969,479.487,1.87,465.873,0.629,9.003,2.19,2.925,0.143,,,,,5000,0.0,0,0.0,5000,0.0,0,0.0,5000,0.0,0,0.0,5000,0.0,0,0.0,0.0,0.0,,,,,,,233.013,0.749,231.317,0.032,231.043,0.006,1779.593,3.933,0.3,0.095,,,,,,,,,,,0,0.0,727.687,6.952,711.013,1.781,697.903,0.825,,,,,,,8.9,2.143,0,0.0,0
MAX-arm,arm64,wireguard-tcp-fast,web-mix,0.5,3,492.227,0.567,479.707,0.096,467.337,1.39,7.517,0.437,3.008,0.494,,,,,5000,0.0,0,0.0,5000,0.0,0,0.0,5000,0.0,0,0.0,5000,0.0,0,0.0,0.0,0.0,,,,,,,385.76,132.242,231.567,0.236,231.043,0.006,1694.947,75.186,5.429,5.0,,,,,,,,,,,0,0.0,723.643,0.548,711.45,0.272,699.693,2.346,,,,,,,7.56,0.883,0,0.0,0
MAX-arm,arm64,wireguard-tcp-fast,web-mix,1.0,3,494.41,4.142,479.08,0.972,466.327,1.442,8.283,1.638,2.678,0.168,,,,,5000,0.0,0,0.0,5000,0.0,0,0.0,5000,0.0,0,0.0,5000,0.0,0,0.0,0.0,0.0,,,,,,,462.297,0.415,231.827,0.353,231.05,0.0,1651.84,4.369,10.523,4.385,,,,,,,,,,,0,0.0,725.75,3.997,710.81,1.065,698.673,1.489,,,,,,,7.933,1.863,0,0.0,0
MAX-arm,arm64,wireguard-tcp-fast,web-mix,2.0,3,496.103,6.132,479.947,1.07,466.86,1.621,8.683,2.378,3.182,0.455,,,,,5000,0.0,0,0.0,5000,0.0,0,0.0,5000,0.0,0,0.0,5000,0.0,0,0.0,0.0,0.0,,,,,,,462.35,0.5,231.833,0.257,231.047,0.006,1652.75,2.325,9.54,3.559,,,,,,,,,,,10.667,18.475,727.377,6.139,711.76,1.187,699.543,1.648,,,,,,,8.373,2.582,0,0.0,0
MAX-arm,arm64,wireguard-tcp-fast,web-mix,3.0,3,494.927,6.496,480.093,2.083,467.603,0.609,8.067,1.726,3.118,0.351,,,,,5000,0.0,0,0.0,5000,0.0,0,0.0,5000,0.0,0,0.0,5000,0.0,0,0.0,0.0,0.0,,,,,,,462.663,0.46,231.66,0.256,231.047,0.012,1652.127,1.9,8.69,3.06,,,,,,,,,,,0,0.0,726.287,6.42,711.81,1.974,700.14,1.134,,,,,,,7.763,1.682,0,0.0,0
MAX-arm,arm64,wireguard-tcp-fast,web-mix,5.0,3,493.54,4.003,478.9,0.86,466.51,1.491,8.047,1.043,2.708,0.178,,,,,5000,0.0,0,0.0,5000,0.0,0,0.0,5000,0.0,0,0.0,5000,0.0,0,0.0,0.0,0.0,,,,,,,385.773,132.393,231.433,0.176,231.04,0.01,1695.52,71.95,4.281,3.909,,,,,,,,,,,0,0.0,724.933,3.92,710.483,0.931,698.47,1.273,,,,,,,7.943,0.998,0,0.0,0
MAX-arm,arm64,wireguard-tcp-fast,web-mix,10.0,3,491.13,3.592,477.397,1.124,464.56,1.149,7.743,0.824,,,,,,,5000,0.0,0,0.0,5000,0.0,0,0.0,5000,0.0,0,0.0,5000,0.0,0,0.0,0.0,0.0,,,,,,,384.127,132.603,230.83,0.484,230.213,0.006,1702.713,74.016,7.31,7.205,,,,,,,,,,,10.667,18.475,721.707,3.481,708.07,1.103,695.313,1.076,,,,,,,7.643,0.826,0,0.0,0
MAX-arm,arm64,wireguard-tcp-fast,web-mix,20.0,3,492.113,4.357,477.933,2.127,464.253,1.259,7.73,0.462,,,,,,,5000,0.0,0,0.0,5000,0.0,0,0.0,5000,0.0,0,0.0,5000,0.0,0,0.0,0.0,0.0,,,,,,,384.363,132.237,230.957,0.669,230.223,0.006,1697.19,75.527,8.228,8.519,,,,,,,,,,,10.667,18.475,722.557,4.335,708.767,2.073,695.433,1.632,,,,,,,7.51,0.347,0,0.0,0
MAX-arm,arm64,wireguard-udp,long-transfer,0.0,3,,,,,,,,,,,388.662,6.314,999.334,0.099,,,,,,,,,,,,,,,,,,,,,,,,,,,,,,,,,,,0,0.0,,,,,,,,,41332876,2654046.271,,,,,,,,,,,,,,,11791317554.667,53459630.994,0
MAX-arm,arm64,wireguard-udp,long-transfer,0.5,3,,,,,,,,,,,7.312,0.168,994.589,0.145,,,,,,,,,,,,,,,,,,,,,,,,,,,,,,,,,,,0,0.0,,,,,,,,,2670192,270523.775,,,,,,,,,,,,,,,8597384806.667,1892126.003,0
MAX-arm,arm64,wireguard-udp,long-transfer,1.0,3,,,,,,,,,,,3.818,0.086,989.662,0.226,,,,,,,,,,,,,,,,,,,,,,,,,,,,,,,,,,,0,0.0,,,,,,,,,1380156,603578.998,,,,,,,,,,,,,,,8521044125.333,16622210.896,0
MAX-arm,arm64,wireguard-udp,long-transfer,2.0,3,,,,,,,,,,,2.333,0.035,975.86,5.935,,,,,,,,,,,,,,,,,,,,,,,,,,,,,,,,,,,0,0.0,,,,,,,,,667562.667,75319.87,,,,,,,,,,,,,,,8408789512,600456.08,0
MAX-arm,arm64,wireguard-udp,long-transfer,3.0,3,,,,,,,,,,,1.631,0.044,966.175,5.995,,,,,,,,,,,,,,,,,,,,,,,,,,,,,,,,,,,0,0.0,,,,,,,,,542657.333,47967.473,,,,,,,,,,,,,,,8317469018.667,587917.866,0
MAX-arm,arm64,wireguard-udp,long-transfer,5.0,3,,,,,,,,,,,1.184,0,949.445,0,,,,,,,,,,,,,,,,,,,,,,,,,,,,,,,,,,,0,0,,,,,,,,,133604,230577.532,,,,,,,,,,,,,,,2713777590.667,4700399448.113,0
MAX-arm,arm64,wireguard-udp,long-transfer,10.0,3,,,,,,,,,,,0.62,0.03,899.797,0.016,,,,,,,,,,,,,,,,,,,,,,,,,,,,,,,,,,,0,0.0,,,,,,,,,191942.667,165753.397,,,,,,,,,,,,,,,5139036108,4450535067.815,0
MAX-arm,arm64,wireguard-udp,long-transfer,20.0,3,,,,,,,,,,,0.327,0.005,799.709,0.05,,,,,,,,,,,,,,,,,,,,,,,,,,,,,,,,,,,0,0.0,,,,,,,,,168156,6916.387,,,,,,,,,,,,,,,4566652349.333,3952210227.007,0
MAX-arm,arm64,wireguard-udp,short-transfer,0.0,3,,,,,,,,,13.085,0.48,,,,,,,,,,,,,,,,,,,,,100.0,0.0,600,0.0,600,0.0,,,,,,,,,0.763,0.0,,,,,,,,,,,,,239288804,1018.289,,,,,,,684.637,0.026,911.797,0.309,913.195,0.373,,,11676432,119352.086,0
MAX-arm,arm64,wireguard-udp,short-transfer,0.5,3,,,,,,,,,4.552,5.606,,,,,,,,,,,,,,,,,,,,,99.882,0.205,381,189.95,380.667,190.211,,,,,,,,,69.086,118.402,,,,,,,,,,,,,151574686.667,76051077.846,,,,,,,460.54,398.264,634.89,549.655,948.381,821.29,,,7042222.667,3790025.507,0
MAX-arm,arm64,wireguard-udp,short-transfer,1.0,3,,,,,,,,,,,,,,,,,,,,,,,,,,,,,,,100.0,0.0,273.667,32.332,273.667,32.332,,,,,,,,,0.474,0.409,,,,,,,,,,,,,109279116,13121466.168,,,,,,,695.602,0.28,232548.956,401181.11,329598.07,568523.223,,,4977020,600300.225,0
MAX-arm,arm64,wireguard-udp,short-transfer,2.0,3,,,,,,,,,,,,,,,,,,,,,,,,,,,,,,,100.0,0.0,252,3.0,252,3.0,,,,,,,,,0.696,0.006,,,,,,,,,,,,,100510186.667,1196028.297,,,,,,,695.608,0.138,1115.777,220.02,1654.518,233.437,,,4656653.333,75278.602,0
MAX-arm,arm64,wireguard-udp,short-transfer,3.0,3,,,,,,,,,,,,,,,,,,,,,,,,,,,,,,,100.0,0.0,245,3.464,245,3.464,,,,,,,,,0.68,0.006,,,,,,,,,,,,,97725446.667,1387891.875,,,,,,,695.626,0.102,1392.656,7.441,1860.188,132.995,,,4330860,202641.515,0
MAX-arm,arm64,wireguard-udp,short-transfer,5.0,3,,,,,,,,,,,,,,,,,,,,,,,,,,,,,,,82.456,30.387,176,103.068,166,120.387,,,,,,,,,0.458,0.333,,,,,,,,,,,,,66212001.333,48016423.039,,,,,,,695.574,0.075,1741.224,30.658,2701.98,436.455,,,2820400,2020307.984,0
MAX-arm,arm64,wireguard-udp,short-transfer,10.0,3,,,,,,,,,,,,,,,,,,,,,,,,,,,,,,,100.0,0.0,216,5.196,216,5.196,,,,,,,,,0.599,0.016,,,,,,,,,,,,,86166353.333,2072990.12,,,,,,,695.473,0.082,2173.254,283.948,2951.863,486.443,,,3580268,46760.944,0
MAX-arm,arm64,wireguard-udp,short-transfer,20.0,3,,,,,,,,,,,,,,,,,,,,,,,,,,,,,,,100.0,0.0,165,3.0,165,3.0,,,,,,,,,0.456,0.009,,,,,,,,,,,,,65836044,1193866.245,,,,,,,1224.987,118.834,3522.814,180.201,5677.352,1079.574,,,2498925.333,89105.882,0
MAX-arm,arm64,wireguard-udp,ssh-interactive,0.0,3,,,,,,,,,0.789,0.008,,,,,,,,,,,,,,,,,,,,,,,,,,,100.0,0.0,,,,,,,,,,,,,,,,,,,,,0,0.0,,,,,,,,,,,,,,,5525.333,85.448,0
MAX-arm,arm64,wireguard-udp,ssh-interactive,0.5,3,,,,,,,,,0.816,0.008,,,,,,,,,,,,,,,,,,,,,,,,,,,100.0,0.0,,,,,,,,,,,,,,,,,,,,,0,0.0,,,,,,,,,,,,,,,5574.667,85.448,0
MAX-arm,arm64,wireguard-udp,ssh-interactive,1.0,3,,,,,,,,,0.854,0.068,,,,,,,,,,,,,,,,,,,,,,,,,,,100.0,0.0,,,,,,,,,,,,,,,,,,,,,0,0.0,,,,,,,,,,,,,,,5574.667,85.448,0
MAX-arm,arm64,wireguard-udp,ssh-interactive,2.0,3,,,,,,,,,0.792,0.017,,,,,,,,,,,,,,,,,,,,,,,,,,,100.0,0.0,,,,,,,,,,,,,,,,,,,,,0,0.0,,,,,,,,,,,,,,,5476,0.0,0
MAX-arm,arm64,wireguard-udp,ssh-interactive,3.0,3,,,,,,,,,0.786,0.02,,,,,,,,,,,,,,,,,,,,,,,,,,,100.0,0.0,,,,,,,,,,,,,,,,,,,,,0,0.0,,,,,,,,,,,,,,,5574.667,85.448,0
MAX-arm,arm64,wireguard-udp,ssh-interactive,5.0,3,,,,,,,,,0.798,0.044,,,,,,,,,,,,,,,,,,,,,,,,,,,100.0,0.0,,,,,,,,,,,,,,,,,,,,,0,0.0,,,,,,,,,,,,,,,5476,0.0,0
MAX-arm,arm64,wireguard-udp,ssh-interactive,10.0,3,,,,,,,,,0.781,0.03,,,,,,,,,,,,,,,,,,,,,,,,,,,100.0,0.0,,,,,,,,,,,,,,,,,,,,,0,0.0,,,,,,,,,,,,,,,5377.333,226.074,0
MAX-arm,arm64,wireguard-udp,ssh-interactive,20.0,3,,,,,,,,,0.779,0.082,,,,,,,,,,,,,,,,,,,,,,,,,,,100.0,0.0,,,,,,,,,,,,,,,,,,,,,0,0.0,,,,,,,,,,,,,,,5476,0.0,0
MAX-arm,arm64,wireguard-udp,web-mix,0.0,3,490.393,1.822,477.563,2.087,465.453,1.805,7.533,0.175,,,,,,,5000,0.0,0,0.0,5000,0.0,0,0.0,5000,0.0,0,0.0,5000,0.0,0,0.0,0.0,0.0,,,,,,,308.27,131.982,230.59,0.201,230.217,0.006,1743.147,79.604,2.342,3.593,,,,,,,,,,,1716090.667,3986.837,720.833,1.807,708.413,2.343,696.713,1.928,,,,,,,7.2,0.259,365888,17924.021,0
MAX-arm,arm64,wireguard-udp,web-mix,0.5,3,489.517,0.681,477.137,0.803,464.567,1.136,7.457,0.304,,,,,,,5000,0.0,0,0.0,5000,0.0,0,0.0,5000,0.0,0,0.0,5000,0.0,0,0.0,0.0,0.0,,,,,,,693.937,4.762,235.257,1.669,230.213,0.006,1498.067,74.055,40.123,6.691,,,,,,,,,,,1739440,4619.841,1016.713,256.889,714.033,5.036,695.95,1.84,,,,,,,45.567,33.005,392134.667,16642.992,0
MAX-arm,arm64,wireguard-udp,web-mix,1.0,3,1036.237,503.725,502.177,32.83,464.82,1.018,113.947,117.821,,,,,,,5000,0.0,0,0.0,5000,0.0,0,0.0,5000,0.0,0,0.0,5000,0.0,0,0.0,0.0,0.0,,,,,,,867.193,231.949,237.793,1.308,230.213,0.006,1395.133,66.435,54.6,8.02,,,,,,,,,,,1707348,19192.399,1363.333,350.048,744.0,33.164,696.933,1.203,,,,,,,139.967,102.748,334960,19078.2,0
MAX-arm,arm64,wireguard-udp,web-mix,2.0,3,1159.453,581.205,513.997,34.902,464.017,1.029,148.17,123.638,,,,,,,5000,0.0,0,0.0,5000,0.0,0,0.0,5000,0.0,0,0.0,5000,0.0,0,0.0,0.0,0.0,,,,,,,1044.93,131.554,247.887,2.88,230.217,0.006,1215.653,95.123,88.323,13.964,,,,,,,,,,,1728321.333,15204.943,1536.667,326.241,758.85,37.771,694.957,1.04,,,,,,,175.893,97.187,369706.667,27047.783,0
MAX-arm,arm64,wireguard-udp,web-mix,3.0,3,1148.753,573.736,528.957,47.988,464.943,2.406,172.367,143.966,,,,,,,5000,0.0,0,0.0,5000,0.0,0,0.0,5000,0.0,0,0.0,5000,0.0,0,0.0,0.0,0.0,,,,,,,1610.0,694.622,252.607,5.641,230.22,0.01,1100.703,85.496,104.703,30.614,,,,,,,,,,,1717550.667,11849.224,1716.667,11.547,781.487,45.69,695.953,2.354,,,,,,,225.757,67.659,349062.667,26641.046,0
MAX-arm,arm64,wireguard-udp,web-mix,5.0,3,1613.333,222.785,534.303,20.625,464.217,0.559,220.493,20.322,,,,,,,5000,0.0,0,0.0,5000,0.0,0,0.0,5000,0.0,0,0.0,5000,0.0,0,0.0,0.0,0.0,,,,,,,1310.0,113.578,274.797,10.173,230.22,0.017,1007.917,115.636,142.673,16.755,,,,,,,,,,,1720916,12407.252,1943.333,191.398,795.077,20.624,695.727,1.245,,,,,,,246.45,6.21,354112,29247.317,0
MAX-arm,arm64,wireguard-udp,web-mix,10.0,3,2056.667,535.755,677.457,44.138,465.09,1.635,427.66,103.311,,,,,,,5000,0.0,0,0.0,5000,0.0,0,0.0,5000,0.0,0,0.0,5000,0.0,0,0.0,0.0,0.0,,,,,,,1830.0,347.707,306.817,5.07,230.22,0.0,876.73,57.065,199.12,3.955,,,,,,,,,,,1711042.667,6706.656,2473.333,251.064,972.993,53.033,697.083,2.687,,,,,,,457.427,81.091,329349.333,8573.587,0
MAX-arm,arm64,wireguard-udp,web-mix,20.0,3,3813.333,688.065,962.45,87.02,465.25,1.431,793.99,133.25,,,,,,,5000,0.0,0,0.0,5000,0.0,0,0.0,5000,0.0,0,0.0,5000,0.0,0,0.0,0.0,0.0,,,,,,,4356.667,1400.155,430.837,9.457,230.223,0.006,497.68,56.48,402.87,30.1,,,,,,,,,,,1723616,7820.012,4890.0,1416.298,1423.333,35.119,696.593,1.08,,,,,,,933.12,145.657,314081.333,7328.59,0
MAX-x64,x86_64,wireguard-tcp-fast,long-transfer,0.0,3,,,,,,,,,,,185.976,35.718,952.745,13.629,,,,,,,,,,,,,,,,,,,,,,,,,,,,,,,,,,,0,0.0,,,,,,,,,0,0.0,,,,,,,,,,,,,,,0,0.0,27
MAX-x64,x86_64,wireguard-tcp-fast,long-transfer,0.5,3,,,,,,,,,,,142.845,11.202,952.837,2.26,,,,,,,,,,,,,,,,,,,,,,,,,,,,,,,,,,,0,0.0,,,,,,,,,0,0.0,,,,,,,,,,,,,,,0,0.0,24
MAX-x64,x86_64,wireguard-tcp-fast,long-transfer,1.0,3,,,,,,,,,,,164.425,12.853,941.32,5.939,,,,,,,,,,,,,,,,,,,,,,,,,,,,,,,,,,,0,0.0,,,,,,,,,0,0.0,,,,,,,,,,,,,,,0,0.0,32
MAX-x64,x86_64,wireguard-tcp-fast,long-transfer,2.0,3,,,,,,,,,,,270.228,66.046,936.623,4.487,,,,,,,,,,,,,,,,,,,,,,,,,,,,,,,,,,,0,0.0,,,,,,,,,0,0.0,,,,,,,,,,,,,,,0,0.0,33
MAX-x64,x86_64,wireguard-tcp-fast,long-transfer,3.0,3,,,,,,,,,,,158.477,38.106,959.113,7.352,,,,,,,,,,,,,,,,,,,,,,,,,,,,,,,,,,,0,0.0,,,,,,,,,0,0.0,,,,,,,,,,,,,,,0,0.0,22
MAX-x64,x86_64,wireguard-tcp-fast,long-transfer,5.0,3,,,,,,,,,,,146.91,24.109,935.619,27.893,,,,,,,,,,,,,,,,,,,,,,,,,,,,,,,,,,,0,0.0,,,,,,,,,0,0.0,,,,,,,,,,,,,,,0,0.0,26
MAX-x64,x86_64,wireguard-tcp-fast,long-transfer,10.0,3,,,,,,,,,49.072,0.706,186.171,20.064,971.182,3.299,,,,,,,,,,,,,,,,,,,,,,,,,,,,,,,,,,,0,0.0,,,,,,,,,0,0.0,,,,,,,,,,,,,,,0,0.0,22
MAX-x64,x86_64,wireguard-tcp-fast,long-transfer,20.0,3,,,,,,,,,50.085,1.367,234.85,35.653,963.04,5.207,,,,,,,,,,,,,,,,,,,,,,,,,,,,,,,,,,,0,0.0,,,,,,,,,0,0.0,,,,,,,,,,,,,,,0,0.0,33
MAX-x64,x86_64,wireguard-tcp-fast,short-transfer,0.0,3,,,,,,,,,3.787,2.577,,,,,,,,,,,,,,,,,,,,,100.0,0.0,600,0.0,600,0.0,,,,,,,,,0.707,0.002,,,,,,,,,,,,,124,111.499,,,,,,,696.68,0.03,927.851,0.194,1024.459,42.867,,,0,0.0,21
MAX-x64,x86_64,wireguard-tcp-fast,short-transfer,0.5,3,,,,,,,,,5.233,0,,,,,,,,,,,,,,,,,,,,,100.0,0.0,364,204.382,364,204.382,,,,,,,,,0.695,0.024,,,,,,,,,,,,,278.667,482.665,,,,,,,695.324,1.181,950.97,20.236,1082.834,133.572,,,0,0.0,29
MAX-x64,x86_64,wireguard-tcp-fast,short-transfer,1.0,3,,,,,,,,,,,,,,,,,,,,,,,,,,,,,,,100.0,0.0,245,3.464,245,3.464,,,,,,,,,0.681,0.005,,,,,,,,,,,,,0,0.0,,,,,,,685.047,0.144,927.081,12.848,1047.18,5.447,,,0,0.0,25
MAX-x64,x86_64,wireguard-tcp-fast,short-transfer,2.0,3,,,,,,,,,,,,,,,,,,,,,,,,,,,,,,,100.0,0.0,245,1.732,245,1.732,,,,,,,,,0.68,0.007,,,,,,,,,,,,,0,0.0,,,,,,,685.298,0.048,913.433,0.308,1049.477,69.674,,,0,0.0,33
MAX-x64,x86_64,wireguard-tcp-fast,short-transfer,3.0,3,,,,,,,,,,,,,,,,,,,,,,,,,,,,,,,100.0,0.0,243,3.0,243,3.0,,,,,,,,,0.674,0.008,,,,,,,,,,,,,0,0.0,,,,,,,685.32,0.092,954.747,10.105,1090.678,62.061,,,0,0.0,47
MAX-x64,x86_64,wireguard-tcp-fast,short-transfer,5.0,3,,,,,,,,,,,,,,,,,,,,,,,,,,,,,,,100.0,0.0,238,3.464,238,3.464,,,,,,,,,0.662,0.008,,,,,,,,,,,,,0,0.0,,,,,,,684.52,0.125,921.512,10.064,1008.303,50.964,,,0,0.0,30
MAX-x64,x86_64,wireguard-tcp-fast,short-transfer,10.0,3,,,,,,,,,2.376,0.112,,,,,,,,,,,,,,,,,,,,,100.0,0.0,600,0.0,600,0.0,,,,,,,,,0.687,0.004,,,,,,,,,,,,,10.667,18.475,,,,,,,706.245,0.213,940.968,0.381,996.867,6.194,,,0,0.0,32
MAX-x64,x86_64,wireguard-tcp-fast,short-transfer,20.0,3,,,,,,,,,10.548,5.795,,,,,,,,,,,,,,,,,,,,,100.0,0.0,600,0.0,600,0.0,,,,,,,,,0.693,0.005,,,,,,,,,,,,,0,0.0,,,,,,,706.854,0.63,942.282,1.604,1037.863,37.992,,,0,0.0,26
MAX-x64,x86_64,wireguard-tcp-fast,ssh-interactive,0.0,3,,,,,,,,,16.317,0.781,,,,,,,,,,,,,,,,,,,,,,,,,,,100.0,0.0,,,,,,,,,,,,,,,,,,,,,0,0.0,,,,,,,,,,,,,,,0,0.0,0
MAX-x64,x86_64,wireguard-tcp-fast,ssh-interactive,0.5,3,,,,,,,,,16.442,0.622,,,,,,,,,,,,,,,,,,,,,,,,,,,100.0,0.0,,,,,,,,,,,,,,,,,,,,,0,0.0,,,,,,,,,,,,,,,0,0.0,0
MAX-x64,x86_64,wireguard-tcp-fast,ssh-interactive,1.0,3,,,,,,,,,16.177,0.155,,,,,,,,,,,,,,,,,,,,,,,,,,,100.0,0.0,,,,,,,,,,,,,,,,,,,,,0,0.0,,,,,,,,,,,,,,,0,0.0,0
MAX-x64,x86_64,wireguard-tcp-fast,ssh-interactive,2.0,3,,,,,,,,,15.977,0.062,,,,,,,,,,,,,,,,,,,,,,,,,,,100.0,0.0,,,,,,,,,,,,,,,,,,,,,0,0.0,,,,,,,,,,,,,,,0,0.0,0
MAX-x64,x86_64,wireguard-tcp-fast,ssh-interactive,3.0,3,,,,,,,,,15.936,0.108,,,,,,,,,,,,,,,,,,,,,,,,,,,100.0,0.0,,,,,,,,,,,,,,,,,,,,,0,0.0,,,,,,,,,,,,,,,0,0.0,0
MAX-x64,x86_64,wireguard-tcp-fast,ssh-interactive,5.0,3,,,,,,,,,16.125,0.033,,,,,,,,,,,,,,,,,,,,,,,,,,,100.0,0.0,,,,,,,,,,,,,,,,,,,,,0,0.0,,,,,,,,,,,,,,,0,0.0,0
MAX-x64,x86_64,wireguard-tcp-fast,ssh-interactive,10.0,3,,,,,,,,,13.194,0.136,,,,,,,,,,,,,,,,,,,,,,,,,,,0.0,0.0,,,,,,,,,,,,,375.167,2.536,14.233,1.77,236.924,0.618,233.788,0.024,0,0.0,,,,,,,,,,,,,,,0,0.0,29
MAX-x64,x86_64,wireguard-tcp-fast,ssh-interactive,20.0,3,,,,,,,,,12.447,0.522,,,,,,,,,,,,,,,,,,,,,,,,,,,0.0,0.0,,,,,,,,,,,,,372.811,3.139,14.322,0.129,237.13,0.08,233.758,0.04,0,0.0,,,,,,,,,,,,,,,0,0.0,30
MAX-x64,x86_64,wireguard-tcp-fast,web-mix,0.0,3,528.073,66.753,495.33,31.698,483.413,31.053,11.44,6.668,,,,,,,5000,0.0,0,0.0,5000,0.0,0,0.0,5000,0.0,0,0.0,5000,0.0,0,0.0,0.0,0.0,,,,,,,424.14,63.743,233.813,4.813,230.027,0.015,1665.4,11.132,14.567,9.016,,,,,,,,,,,0,0.0,758.69,66.748,729.603,36.632,719.543,39.057,,,,,,,10.573,5.014,0,0.0,31
MAX-x64,x86_64,wireguard-tcp-fast,web-mix,0.5,3,487.307,1.193,476.617,1.549,465.963,1.548,6.22,0.185,,,,,,,5000,0.0,0,0.0,5000,0.0,0,0.0,5000,0.0,0,0.0,5000,0.0,0,0.0,0.0,0.0,,,,,,,508.7,54.747,244.57,12.763,230.02,0.02,1583.857,65.47,40.84,27.093,,,,,,,,,,,0,0.0,718.167,1.678,709.32,1.292,699.483,1.643,,,,,,,5.343,1.007,0,0.0,22
MAX-x64,x86_64,wireguard-tcp-fast,web-mix,1.0,3,487.23,1.735,475.777,1.073,465.277,1.517,6.643,0.64,,,,,,,5000,0.0,0,0.0,5000,0.0,0,0.0,5000,0.0,0,0.0,5000,0.0,0,0.0,0.0,0.0,,,,,,,369.797,121.378,231.443,1.219,230.03,0.01,1701.453,76.336,6.295,5.145,,,,,,,,,,,0,0.0,718.107,1.69,707.39,2.035,696.95,0.995,,,,,,,6.21,0.239,0,0.0,31
MAX-x64,x86_64,wireguard-tcp-fast,web-mix,2.0,3,500.753,22.25,485.953,15.576,465.353,0.531,10.28,6.454,,,,,,,5000,0.0,0,0.0,5000,0.0,0,0.0,5000,0.0,0,0.0,5000,0.0,0,0.0,0.0,0.0,,,,,,,474.837,24.166,238.663,13.706,230.013,0.006,1632.897,42.194,26.98,32.426,,,,,,,,,,,0,0.0,731.47,22.215,723.23,25.858,715.003,31.039,,,,,,,4.81,2.705,0,0.0,32
MAX-x64,x86_64,wireguard-tcp-fast,web-mix,3.0,3,560.443,125.805,548.133,126.575,536.54,126.7,6.967,0.298,,,,,,,5000,0.0,0,0.0,5000,0.0,0,0.0,5000,0.0,0,0.0,5000,0.0,0,0.0,0.0,0.0,,,,,,,384.51,132.104,231.373,1.421,230.02,0.01,1663.163,120.824,6.304,5.906,,,,,,,,,,,0,0.0,790.977,125.958,779.3,127.046,768.183,126.508,,,,,,,6.793,0.395,0,0.0,22
MAX-x64,x86_64,wireguard-tcp-fast,web-mix,5.0,3,486.667,1.04,475.397,0.898,463.907,1.255,6.557,0.505,,,,,,,5000,0.0,0,0.0,5000,0.0,0,0.0,5000,0.0,0,0.0,5000,0.0,0,0.0,0.0,0.0,,,,,,,384.57,132.225,234.037,5.489,230.027,0.006,1678.85,100.109,9.252,8.527,,,,,,,,,,,0,0.0,717.207,0.865,706.723,0.898,695.287,2.197,,,,,,,6.22,0.776,0,0.0,28
MAX-x64,x86_64,wireguard-tcp-fast,web-mix,10.0,3,496.173,1.478,483.637,0.995,470.773,0.67,7.11,0.195,15.911,1.904,,,,,5000,0.0,0,0.0,5000,0.0,0,0.0,5000,0.0,0,0.0,5000,0.0,0,0.0,0.0,0.0,,,,,,,418.77,86.689,239.873,4.533,233.72,0.017,1630.533,80.871,20.617,10.838,,,,,,,,,,,0,0.0,730.373,1.25,718.433,1.122,705.48,1.273,,,,,,,6.867,0.42,0,0.0,35
MAX-x64,x86_64,wireguard-tcp-fast,web-mix,20.0,3,496.653,1.16,484.797,1.404,471.16,0.692,7.517,0.782,16.128,1.012,,,,,5000,0.0,0,0.0,5000,0.0,0,0.0,5000,0.0,0,0.0,5000,0.0,0,0.0,0.0,0.0,,,,,,,522.66,94.118,238.577,5.83,233.733,0.012,1602.917,48.248,18.313,12.347,,,,,,,,,,,0,0.0,746.047,24.476,730.163,15.885,707.23,2.049,,,,,,,11.57,6.262,0,0.0,25
MAX-x64,x86_64,wireguard-udp,long-transfer,0.0,3,,,,,,,,,39.289,1.488,209.173,35.688,976.296,3.411,,,,,,,,,,,,,,,,,,,,,,,,,,,,,,,,,,,0,0.0,,,,,,,,,20455541.333,2537424.0,,,,,,,,,,,,,,,10374844010.667,253369504.227,0
MAX-x64,x86_64,wireguard-udp,long-transfer,0.5,3,,,,,,,,,37.277,2.817,7.074,0.441,970.817,1.319,,,,,,,,,,,,,,,,,,,,,,,,,,,,,,,,,,,0,0.0,,,,,,,,,1732096,128736.106,,,,,,,,,,,,,,,8587404922.667,2377050.379,0
MAX-x64,x86_64,wireguard-udp,long-transfer,1.0,3,,,,,,,,,37.143,1.719,4.021,0.288,966.659,2.836,,,,,,,,,,,,,,,,,,,,,,,,,,,,,,,,,,,0,0.0,,,,,,,,,969525.333,147059.927,,,,,,,,,,,,,,,8511520909.333,3421757.504,0
MAX-x64,x86_64,wireguard-udp,long-transfer,2.0,3,,,,,,,,,35.378,0.17,2.356,0.145,951.982,8.921,,,,,,,,,,,,,,,,,,,,,,,,,,,,,,,,,,,0,0.0,,,,,,,,,635482.667,43404.566,,,,,,,,,,,,,,,8410474358.667,2426343.569,0
MAX-x64,x86_64,wireguard-udp,long-transfer,3.0,3,,,,,,,,,24.367,20.345,1.776,0.122,946.957,2.894,,,,,,,,,,,,,,,,,,,,,,,,,,,,,,,,,,,0,0.0,,,,,,,,,483909.333,13693.736,,,,,,,,,,,,,,,5551528277.333,4792797714.013,0
MAX-x64,x86_64,wireguard-udp,long-transfer,5.0,3,,,,,,,,,36.063,1.908,1.12,0.061,928.742,1.495,,,,,,,,,,,,,,,,,,,,,,,,,,,,,,,,,,,0,0.0,,,,,,,,,351904,41608.361,,,,,,,,,,,,,,,8141121097.333,736137.44,0
MAX-x64,x86_64,wireguard-udp,long-transfer,10.0,3,,,,,,,,,24.049,20.121,0.684,0.082,881.705,6.718,,,,,,,,,,,,,,,,,,,,,,,,,,,,,,,,,,,0,0.0,,,,,,,,,240192,13117.28,,,,,,,,,,,,,,,5141646793.333,4447724511.596,0
MAX-x64,x86_64,wireguard-udp,long-transfer,20.0,3,,,,,,,,,23.339,19.711,0.322,0.031,787.231,2.481,,,,,,,,,,,,,,,,,,,,,,,,,,,,,,,,,,,0,0.0,,,,,,,,,138788,11758.85,,,,,,,,,,,,,,,4566127797.333,3951724229.744,0
MAX-x64,x86_64,wireguard-udp,short-transfer,0.0,3,,,,,,,,,1.11,0.04,,,,,,,,,,,,,,,,,,,,,100.0,0.0,600,0.0,600,0.0,,,,,,,,,0.72,0.019,,,,,,,,,,,,,239313113.333,2499.054,,,,,,,685.931,0.111,913.814,0.065,949.128,35.101,,,9851332,134002.842,0
MAX-x64,x86_64,wireguard-udp,short-transfer,0.5,3,,,,,,,,,11.039,2.152,,,,,,,,,,,,,,,,,,,,,100.0,0.0,600,0.0,600,0.0,,,,,,,,,0.708,0.005,,,,,,,,,,,,,239309394.667,3740.914,,,,,,,696.635,0.28,928.849,0.805,1212.208,174.665,,,10053858.667,155262.828,0
MAX-x64,x86_64,wireguard-udp,short-transfer,1.0,3,,,,,,,,,10.15,4.147,,,,,,,,,,,,,,,,,,,,,100.0,0.0,600,0.0,600,0.0,,,,,,,,,0.706,0.0,,,,,,,,,,,,,239307744,2196.0,,,,,,,697.542,1.282,952.542,31.021,1480.539,137.872,,,10225570.667,77627.892,0
MAX-x64,x86_64,wireguard-udp,short-transfer,2.0,3,,,,,,,,,1.218,0.203,,,,,,,,,,,,,,,,,,,,,100.0,0.0,600,0.0,600,0.0,,,,,,,,,0.661,0.006,,,,,,,,,,,,,239319593.333,3018.239,,,,,,,696.332,0.034,1312.133,133.328,1750.497,9.792,,,9550208,158450.416,0
MAX-x64,x86_64,wireguard-udp,short-transfer,3.0,3,,,,,,,,,1.143,0.107,,,,,,,,,,,,,,,,,,,,,100.0,0.0,600,0.0,600,0.0,,,,,,,,,0.645,0.009,,,,,,,,,,,,,239328525.333,3411.879,,,,,,,696.346,0.01,1500.499,171.549,1856.657,116.613,,,9349376,143796.635,0
MAX-x64,x86_64,wireguard-udp,short-transfer,5.0,3,,,,,,,,,1.18,0.204,,,,,,,,,,,,,,,,,,,,,100.0,0.0,600,0.0,600,0.0,,,,,,,,,0.621,0.003,,,,,,,,,,,,,239339684,2551.765,,,,,,,696.454,0.011,1727.045,8.369,2311.205,294.429,,,9303006.667,118171.931,0
MAX-x64,x86_64,wireguard-udp,short-transfer,10.0,3,,,,,,,,,1.112,0.176,,,,,,,,,,,,,,,,,,,,,100.0,0.0,600,0.0,600,0.0,,,,,,,,,0.558,0.013,,,,,,,,,,,,,239368728,4441.688,,,,,,,797.436,117.429,2148.642,194.004,3495.107,233.569,,,8971644,16262.306,0
MAX-x64,x86_64,wireguard-udp,short-transfer,20.0,3,,,,,,,,,0.981,0.136,,,,,,,,,,,,,,,,,,,,,100.0,0.0,600,0.0,600,0.0,,,,,,,,,0.425,0.014,,,,,,,,,,,,,239445498.667,9979.648,,,,,,,1299.735,122.557,3677.985,275.943,5715.103,835.947,,,8157061.333,47526.341,0
MAX-x64,x86_64,wireguard-udp,ssh-interactive,0.0,3,,,,,,,,,0.856,0.134,,,,,,,,,,,,,,,,,,,,,,,,,,,0.0,0.0,,,,,,,,,,,,,365.417,5.151,10.342,0.885,232.185,0.186,230.579,0.032,132132,103.923,,,,,,,,,,,,,,,132233.333,53.116,0
MAX-x64,x86_64,wireguard-udp,ssh-interactive,0.5,3,,,,,,,,,0.866,0.214,,,,,,,,,,,,,,,,,,,,,,,,,,,0.767,0.473,,,,,,,,,,,,,368.986,2.912,10.803,0.968,232.306,0.236,230.571,0.02,131214.667,751.237,,,,,,,,,,,,,,,131252,656.914,0
MAX-x64,x86_64,wireguard-udp,ssh-interactive,1.0,3,,,,,,,,,0.826,0.2,,,,,,,,,,,,,,,,,,,,,,,,,,,1.033,0.252,,,,,,,,,,,,,365.075,5.2,10.934,0.864,232.38,0.239,230.553,0.02,130809.333,246.587,,,,,,,,,,,,,,,130910.667,281.264,0
MAX-x64,x86_64,wireguard-udp,ssh-interactive,2.0,3,,,,,,,,,0.871,0.093,,,,,,,,,,,,,,,,,,,,,,,,,,,2.267,0.351,,,,,,,,,,,,,360.562,8.904,10.606,0.143,232.275,0.132,230.557,0.014,129230.667,538.209,,,,,,,,,,,,,,,129332,494.109,0
MAX-x64,x86_64,wireguard-udp,ssh-interactive,3.0,3,,,,,,,,,0.848,0.17,,,,,,,,,,,,,,,,,,,,,,,,,,,3.133,0.833,,,,,,,,,,,,,363.698,5.918,10.878,2.673,232.324,0.577,230.601,0.009,128121.333,965.255,,,,,,,,,,,,,,,128222.667,1014.332,0
MAX-x64,x86_64,wireguard-udp,ssh-interactive,5.0,3,,,,,,,,,0.843,0.123,,,,,,,,,,,,,,,,,,,,,,,,,,,4.733,0.252,,,,,,,,,,,,,359.096,10.426,10.216,2.759,232.275,0.621,230.55,0.038,126212,247.968,,,,,,,,,,,,,,,126238.667,370.088,0
MAX-x64,x86_64,wireguard-udp,ssh-interactive,10.0,3,,,,,,,,,0.819,0.131,,,,,,,,,,,,,,,,,,,,,,,,,,,9.533,0.208,,,,,,,,,,,,,348.048,3.555,9.67,1.302,232.159,0.352,230.569,0.038,120057.333,302.108,,,,,,,,,,,,,,,119966.667,357.957,0
MAX-x64,x86_64,wireguard-udp,ssh-interactive,20.0,3,,,,,,,,,0.881,0.196,,,,,,,,,,,,,,,,,,,,,,,,,,,19.1,1.058,,,,,,,,,,,,,367.948,0.396,12.805,1.094,232.704,0.343,230.572,0.025,107812,1250.581,,,,,,,,,,,,,,,107753.333,1375.211,0
MAX-x64,x86_64,wireguard-udp,web-mix,0.0,3,491.707,4.158,477.757,0.536,465.273,1.6,7.597,0.997,4.027,0.665,,,,,5000,0.0,0,0.0,5000,0.0,0,0.0,5000,0.0,0,0.0,5000,0.0,0,0.0,0.0,0.0,,,,,,,316.937,125.222,231.577,0.922,230.54,0.0,1738.407,66.397,3.737,2.921,,,,,,,,,,,1709062.667,7542.308,722.563,4.059,709.313,0.52,696.873,1.873,,,,,,,7.47,0.853,347130.667,23913.467,0
MAX-x64,x86_64,wireguard-udp,web-mix,0.5,3,1370.0,190.526,516.117,28.113,467.283,3.948,144.683,43.116,5.092,3.016,,,,,5000,0.0,0,0.0,5000,0.0,0,0.0,5000,0.0,0,0.0,5000,0.0,0,0.0,0.0,0.0,,,,,,,786.283,162.577,236.527,5.483,230.553,0.015,1358.8,70.904,33.57,14.117,,,,,,,,,,,1707970.667,31510.17,1600.0,190.526,780.02,83.505,746.1,84.664,,,,,,,137.467,39.317,345156,33707.41,0
MAX-x64,x86_64,wireguard-udp,web-mix,1.0,3,1363.333,193.477,553.19,67.645,513.033,82.791,144.713,72.907,4.728,3.481,,,,,5000,0.0,0,0.0,5000,0.0,0,0.0,5000,0.0,0,0.0,5000,0.0,0,0.0,0.0,0.0,,,,,,,1006.417,125.74,238.923,2.761,230.55,0.01,1263.367,143.716,56.083,5.597,,,,,,,,,,,1718229.333,27790.4,1593.333,193.477,796.02,64.515,744.58,83.127,,,,,,,155.45,73.553,343337.333,44563.995,0
MAX-x64,x86_64,wireguard-udp,web-mix,2.0,3,1596.667,531.445,539.513,35.159,469.843,7.016,211.067,77.225,4.442,2.163,,,,,5000,0.0,0,0.0,5000,0.0,0,0.0,5000,0.0,0,0.0,5000,0.0,0,0.0,0.0,0.0,,,,,,,1263.333,178.979,248.44,6.38,230.55,0.01,1147.533,69.064,85.557,9.886,,,,,,,,,,,1710524,4743.595,1926.667,523.864,817.963,84.787,749.13,78.526,,,,,,,221.343,65.228,324169.333,12280.196,0
MAX-x64,x86_64,wireguard-udp,web-mix,3.0,3,1503.333,345.012,521.66,19.945,466.157,0.716,195.29,53.337,2.516,0.13,,,,,5000,0.0,0,0.0,5000,0.0,0,0.0,5000,0.0,0,0.0,5000,0.0,0,0.0,0.0,0.0,,,,,,,1213.333,70.946,259.677,7.296,230.553,0.006,1158.62,94.035,108.217,10.779,,,,,,,,,,,1697908,17915.323,1733.333,345.012,814.74,96.592,699.017,1.509,,,,,,,213.41,57.736,332298.667,23299.408,0
MAX-x64,x86_64,wireguard-udp,web-mix,5.0,3,1510.0,20.0,605.457,52.043,466.47,1.975,256.643,42.971,4.051,2.215,,,,,5000,0.0,0,0.0,5000,0.0,0,0.0,5000,0.0,0,0.0,5000,0.0,0,0.0,0.0,0.0,,,,,,,1480.0,180.831,273.02,6.594,230.547,0.012,1093.503,109.026,144.65,21.601,,,,,,,,,,,1723382.667,11887.177,1740.0,20.0,874.837,44.865,699.26,1.919,,,,,,,265.15,39.444,354638.667,8033.773,0
MAX-x64,x86_64,wireguard-udp,web-mix,10.0,3,2623.333,500.233,688.857,86.432,468.713,4.393,491.867,79.713,5.003,2.658,,,,,5000,0.0,0,0.0,5000,0.0,0,0.0,5000,0.0,0,0.0,5000,0.0,0,0.0,0.0,0.0,,,,,,,3836.667,1305.08,314.783,5.789,230.553,0.006,709.763,129.752,250.19,33.597,,,,,,,,,,,1718314.667,18766.55,2853.333,500.233,1021.733,87.243,720.42,37.644,,,,,,,531.643,82.215,330798.667,12245.568,0
MAX-x64,x86_64,wireguard-udp,web-mix,20.0,3,3913.333,646.71,934.6,148.255,465.697,1.119,734.88,75.013,2.803,1.639,,,,,5000,0.0,0,0.0,5000,0.0,0,0.0,5000,0.0,0,0.0,5000,0.0,0,0.0,0.0,0.0,,,,,,,7246.667,3657.463,426.38,8.714,230.57,0.01,401.567,112.927,515.89,73.148,,,,,,,,,,,1715881.333,7477.427,7450.0,4138.405,1510.0,115.326,697.577,1.373,,,,,,,1202.853,455.115,290846.667,6968.391,0
MED-arm,arm64,wireguard-tcp-fast,long-transfer,0.0,3,,,,,,,,,,,1017.087,50.854,998.478,0.891,,,,,,,,,,,,,,,,,,,,,,,,,,,,,,,,,,,0,0.0,,,,,,,,,3009.333,85.448,,,,,,,,,,,,,,,0,0.0,0
MED-arm,arm64,wireguard-tcp-fast,long-transfer,0.5,3,,,,,,,,,,,997.0,114.687,998.841,0.233,,,,,,,,,,,,,,,,,,,,,,,,,,,,,,,,,,,0,0.0,,,,,,,,,3009.333,85.448,,,,,,,,,,,,,,,0,0.0,0
MED-arm,arm64,wireguard-tcp-fast,long-transfer,1.0,3,,,,,,,,,,,916.902,24.26,998.55,0.743,,,,,,,,,,,,,,,,,,,,,,,,,,,,,,,,,,,0,0.0,,,,,,,,,2960,0.0,,,,,,,,,,,,,,,0,0.0,0
MED-arm,arm64,wireguard-tcp-fast,long-transfer,2.0,3,,,,,,,,,,,1056.135,69.485,998.946,0.236,,,,,,,,,,,,,,,,,,,,,,,,,,,,,,,,,,,0,0.0,,,,,,,,,3009.333,85.448,,,,,,,,,,,,,,,0,0.0,0
MED-arm,arm64,wireguard-tcp-fast,long-transfer,3.0,3,,,,,,,,,,,964.83,96.352,998.861,0.31,,,,,,,,,,,,,,,,,,,,,,,,,,,,,,,,,,,0,0.0,,,,,,,,,3009.333,85.448,,,,,,,,,,,,,,,0,0.0,0
MED-arm,arm64,wireguard-tcp-fast,long-transfer,5.0,3,,,,,,,,,,,1022.212,76.113,998.838,0.317,,,,,,,,,,,,,,,,,,,,,,,,,,,,,,,,,,,0,0.0,,,,,,,,,3009.333,85.448,,,,,,,,,,,,,,,0,0.0,0
MED-arm,arm64,wireguard-tcp-fast,long-transfer,10.0,3,,,,,,,,,,,1002.488,65.983,998.665,0.16,,,,,,,,,,,,,,,,,,,,,,,,,,,,,,,,,,,0,0.0,,,,,,,,,3009.333,85.448,,,,,,,,,,,,,,,0,0.0,0
MED-arm,arm64,wireguard-tcp-fast,long-transfer,20.0,3,,,,,,,,,,,1049.378,55.388,998.936,0.173,,,,,,,,,,,,,,,,,,,,,,,,,,,,,,,,,,,0,0.0,,,,,,,,,3009.333,85.448,,,,,,,,,,,,,,,0,0.0,0
MED-arm,arm64,wireguard-tcp-fast,short-transfer,0.0,3,,,,,,,,,,,,,,,,,,,,,,,,,,,,,,,100.0,0.0,600,0.0,600,0.0,,,,,,,,,2.929,0.011,,,,,,,,,,,,,1914.667,2599.324,,,,,,,173.15,0.059,211.716,30.396,229.934,0.102,,,0,0.0,0
MED-arm,arm64,wireguard-tcp-fast,short-transfer,0.5,3,,,,,,,,,,,,,,,,,,,,,,,,,,,,,,,100.0,0.0,600,0.0,600,0.0,,,,,,,,,2.928,0.023,,,,,,,,,,,,,4834.667,308.087,,,,,,,172.967,0.077,211.797,29.65,229.679,0.084,,,0,0.0,0
MED-arm,arm64,wireguard-tcp-fast,short-transfer,1.0,3,,,,,,,,,,,,,,,,,,,,,,,,,,,,,,,100.0,0.0,600,0.0,600,0.0,,,,,,,,,2.917,0.035,,,,,,,,,,,,,4884,256.344,,,,,,,172.959,0.046,229.15,0.128,229.697,0.061,,,0,0.0,0
MED-arm,arm64,wireguard-tcp-fast,short-transfer,2.0,3,,,,,,,,,,,,,,,,,,,,,,,,,,,,,,,100.0,0.0,600,0.0,600,0.0,,,,,,,,,2.904,0.009,,,,,,,,,,,,,4933.333,226.074,,,,,,,173.012,0.063,229.329,0.022,229.831,0.208,,,0,0.0,0
MED-arm,arm64,wireguard-tcp-fast,short-transfer,3.0,3,,,,,,,,,,,,,,,,,,,,,,,,,,,,,,,100.0,0.0,600,0.0,600,0.0,,,,,,,,,2.846,0.029,,,,,,,,,,,,,5032,148.0,,,,,,,173.22,0.055,229.611,0.171,230.244,0.171,,,0,0.0,0
MED-arm,arm64,wireguard-tcp-fast,short-transfer,5.0,3,,,,,,,,,,,,,,,,,,,,,,,,,,,,,,,100.0,0.0,600,0.0,600,0.0,,,,,,,,,2.891,0.026,,,,,,,,,,,,,4834.667,170.896,,,,,,,173.137,0.117,229.155,0.177,229.884,0.376,,,0,0.0,0
MED-arm,arm64,wireguard-tcp-fast,short-transfer,10.0,3,,,,,,,,,,,,,,,,,,,,,,,,,,,,,,,99.173,1.433,588,20.785,583.333,28.868,,,,,,,,,2.283,0.642,,,,,,,,,,,,,3457.333,2785.245,,,,,,,185.6,0.029,240.294,9.913,246.608,0.203,,,0,0.0,0
MED-arm,arm64,wireguard-tcp-fast,short-transfer,20.0,3,,,,,,,,,,,,,,,,,,,,,,,,,,,,,,,100.0,0.0,600,0.0,600,0.0,,,,,,,,,2.84,0.038,,,,,,,,,,,,,4982.667,308.087,,,,,,,172.493,0.129,228.384,0.241,234.659,9.876,,,0,0.0,0
MED-arm,arm64,wireguard-tcp-fast,ssh-interactive,0.0,3,,,,,,,,,0.977,0.002,,,,,,,,,,,,,,,,,,,,,,,,,,,100.0,0.0,,,,,,,,,,,,,,,,,,,,,0,0.0,,,,,,,,,,,,,,,0,0.0,0
MED-arm,arm64,wireguard-tcp-fast,ssh-interactive,0.5,3,,,,,,,,,0.965,0.083,,,,,,,,,,,,,,,,,,,,,,,,,,,100.0,0.0,,,,,,,,,,,,,,,,,,,,,0,0.0,,,,,,,,,,,,,,,0,0.0,0
MED-arm,arm64,wireguard-tcp-fast,ssh-interactive,1.0,3,,,,,,,,,0.939,0.03,,,,,,,,,,,,,,,,,,,,,,,,,,,100.0,0.0,,,,,,,,,,,,,,,,,,,,,0,0.0,,,,,,,,,,,,,,,0,0.0,0
MED-arm,arm64,wireguard-tcp-fast,ssh-interactive,2.0,3,,,,,,,,,0.96,0.017,,,,,,,,,,,,,,,,,,,,,,,,,,,100.0,0.0,,,,,,,,,,,,,,,,,,,,,0,0.0,,,,,,,,,,,,,,,0,0.0,0
MED-arm,arm64,wireguard-tcp-fast,ssh-interactive,3.0,3,,,,,,,,,0.983,0.015,,,,,,,,,,,,,,,,,,,,,,,,,,,100.0,0.0,,,,,,,,,,,,,,,,,,,,,0,0.0,,,,,,,,,,,,,,,0,0.0,0
MED-arm,arm64,wireguard-tcp-fast,ssh-interactive,5.0,3,,,,,,,,,1.013,0.053,,,,,,,,,,,,,,,,,,,,,,,,,,,100.0,0.0,,,,,,,,,,,,,,,,,,,,,0,0.0,,,,,,,,,,,,,,,0,0.0,0
MED-arm,arm64,wireguard-tcp-fast,ssh-interactive,10.0,3,,,,,,,,,1.064,0.086,,,,,,,,,,,,,,,,,,,,,,,,,,,100.0,0.0,,,,,,,,,,,,,,,,,,,,,0,0.0,,,,,,,,,,,,,,,0,0.0,0
MED-arm,arm64,wireguard-tcp-fast,ssh-interactive,20.0,3,,,,,,,,,1.039,0.065,,,,,,,,,,,,,,,,,,,,,,,,,,,100.0,0.0,,,,,,,,,,,,,,,,,,,,,0,0.0,,,,,,,,,,,,,,,0,0.0,0
MED-arm,arm64,wireguard-tcp-fast,web-mix,0.0,3,141.38,1.33,128.47,0.558,116.593,0.62,7.457,0.146,,,,,,,5000,0.0,0,0.0,5000,0.0,0,0.0,5000,0.0,0,0.0,5000,0.0,0,0.0,0.0,0.0,,,,,,,94.063,31.605,56.393,0.032,56.107,0.006,6784.197,241.237,0.911,0.626,,,,,,,,,,,49.333,85.448,197.907,1.187,185.24,0.626,174.143,0.977,,,,,,,7.22,0.303,0,0.0,0
MED-arm,arm64,wireguard-tcp-fast,web-mix,0.5,3,148.687,5.757,131.107,1.07,116.617,1.839,9.043,1.494,,,,,,,5000,0.0,0,0.0,5000,0.0,0,0.0,5000,0.0,0,0.0,5000,0.0,0,0.0,0.0,0.0,,,,,,,96.393,30.873,56.553,0.142,56.1,0.02,6741.28,286.882,2.549,1.865,,,,,,,,,,,0,0.0,205.253,5.667,187.81,1.155,173.587,2.602,,,,,,,8.817,1.474,0,0.0,0
MED-arm,arm64,wireguard-tcp-fast,web-mix,1.0,3,143.603,6.12,128.947,1.663,116.727,0.828,8.267,1.637,,,,,,,5000,0.0,0,0.0,5000,0.0,0,0.0,5000,0.0,0,0.0,5000,0.0,0,0.0,0.0,0.0,,,,,,,113.237,0.645,56.477,0.015,56.1,0.017,6657.157,48.169,2.124,1.131,,,,,,,,,,,0,0.0,200.097,6.09,185.73,1.778,174.347,0.72,,,,,,,7.987,1.434,0,0.0,0
MED-arm,arm64,wireguard-tcp-fast,web-mix,2.0,3,150.0,11.59,131.953,4.212,116.257,1.103,10.047,4.179,,,,,,,5000,0.0,0,0.0,5000,0.0,0,0.0,5000,0.0,0,0.0,5000,0.0,0,0.0,0.0,0.0,,,,,,,112.65,0.06,56.463,0.083,56.107,0.006,6606.617,192.624,2.093,1.015,,,,,,,,,,,0,0.0,206.573,11.663,188.663,4.184,172.943,1.151,,,,,,,9.873,4.13,0,0.0,0
MED-arm,arm64,wireguard-tcp-fast,web-mix,3.0,3,144.32,5.853,129.083,1.348,116.393,0.794,8.303,1.633,,,,,,,5000,0.0,0,0.0,5000,0.0,0,0.0,5000,0.0,0,0.0,5000,0.0,0,0.0,0.0,0.0,,,,,,,57.643,0.826,56.38,0.052,56.107,0.006,7046.527,40.566,0.199,0.084,,,,,,,,,,,148,0.0,200.817,5.8,185.73,1.295,173.28,0.78,,,,,,,8.203,1.633,0,0.0,0
MED-arm,arm64,wireguard-tcp-fast,web-mix,5.0,3,141.807,3.053,127.927,0.332,115.817,0.367,7.83,0.71,,,,,,,5000,0.0,0,0.0,5000,0.0,0,0.0,5000,0.0,0,0.0,5000,0.0,0,0.0,0.0,0.0,,,,,,,94.5,31.619,56.533,0.179,56.12,0.0,6786.833,271.17,2.36,1.929,,,,,,,,,,,148,0.0,198.363,3.052,184.627,0.212,173.163,1.032,,,,,,,7.74,0.742,0,0.0,0
MED-arm,arm64,wireguard-tcp-fast,web-mix,10.0,3,143.973,4.762,129.913,1.992,117.67,0.414,7.673,0.924,,,,,,,5000,0.0,0,0.0,5000,0.0,0,0.0,5000,0.0,0,0.0,5000,0.0,0,0.0,0.0,0.0,,,,,,,94.75,32.744,56.577,0.236,56.117,0.012,6817.197,236.529,2.354,1.96,,,,,,,,,,,0,0.0,200.39,4.797,186.963,1.951,175.043,1.394,,,,,,,7.263,0.987,0,0.0,0
MED-arm,arm64,wireguard-tcp-fast,web-mix,20.0,3,144.613,0.591,129.647,1.504,116.16,0.853,7.947,0.345,,,,,,,5000,0.0,0,0.0,5000,0.0,0,0.0,5000,0.0,0,0.0,5000,0.0,0,0.0,0.0,0.0,,,,,,,77.813,35.14,56.47,0.251,56.11,0.01,6887.26,294.922,0.788,1.136,,,,,,,,,,,0,0.0,201.083,0.543,186.367,1.857,173.207,1.338,,,,,,,7.82,0.485,0,0.0,0
MED-arm,arm64,wireguard-udp,long-transfer,0.0,3,,,,,,,,,,,1161.48,16.542,997.976,1.055,,,,,,,,,,,,,,,,,,,,,,,,,,,,,,,,,,,0,0.0,,,,,,,,,130395658.667,5144849.058,,,,,,,,,,,,,,,18381258181.333,187783993.111,0
MED-arm,arm64,wireguard-udp,long-transfer,0.5,3,,,,,,,,,,,14.605,2.775,994.335,0.057,,,,,,,,,,,,,,,,,,,,,,,,,,,,,,,,,,,0,0.0,,,,,,,,,4996210.667,1678157.749,,,,,,,,,,,,,,,5842715086.667,4948444571.681,0
MED-arm,arm64,wireguard-udp,long-transfer,1.0,3,,,,,,,,,,,11.558,0.552,989.529,0.217,,,,,,,,,,,,,,,,,,,,,,,,,,,,,,,,,,,0,0.0,,,,,,,,,3764010.667,218656.513,,,,,,,,,,,,,,,8607912230.667,18494811.04,0
MED-arm,arm64,wireguard-udp,long-transfer,2.0,3,,,,,,,,,,,7.49,0.228,979.8,0.111,,,,,,,,,,,,,,,,,,,,,,,,,,,,,,,,,,,0,0.0,,,,,,,,,2134845.333,146059.043,,,,,,,,,,,,,,,5659619128,4842542283.153,0
MED-arm,arm64,wireguard-udp,long-transfer,3.0,3,,,,,,,,,,,5.558,0.178,969.632,0.429,,,,,,,,,,,,,,,,,,,,,,,,,,,,,,,,,,,0,0.0,,,,,,,,,1715958.667,96589.259,,,,,,,,,,,,,,,8351948798.667,847399.813,0
MED-arm,arm64,wireguard-udp,long-transfer,5.0,3,,,,,,,,,,,3.748,0.105,949.586,0.032,,,,,,,,,,,,,,,,,,,,,,,,,,,,,,,,,,,0,0.0,,,,,,,,,1235770.667,12898.144,,,,,,,,,,,,,,,8163418830.667,668340.292,0
MED-arm,arm64,wireguard-udp,long-transfer,10.0,3,,,,,,,,,,,2.214,0.035,899.632,0.142,,,,,,,,,,,,,,,,,,,,,,,,,,,,,,,,,,,0,0.0,,,,,,,,,823330.667,6997.39,,,,,,,,,,,,,,,5154047180,4446441559.071,0
MED-arm,arm64,wireguard-udp,long-transfer,20.0,3,,,,,,,,,,,0.982,0.052,794.005,1.433,,,,,,,,,,,,,,,,,,,,,,,,,,,,,,,,,,,0,0.0,,,,,,,,,431068,29570.68,,,,,,,,,,,,,,,4572217842.667,3951701988.157,0
MED-arm,arm64,wireguard-udp,short-transfer,0.0,3,,,,,,,,,14.519,1.369,,,,,,,,,,,,,,,,,,,,,100.0,0.0,600,0.0,600,0.0,,,,,,,,,2.958,0.009,,,,,,,,,,,,,239322104,6252.496,,,,,,,172.255,0.069,228.581,0.381,230.518,0.895,,,10050705.333,158356.091,0
MED-arm,arm64,wireguard-udp,short-transfer,0.5,3,,,,,,,,,17.568,0.441,,,,,,,,,,,,,,,,,,,,,100.0,0.0,600,0.0,600,0.0,,,,,,,,,2.896,0.042,,,,,,,,,,,,,239323994.667,2100.515,,,,,,,172.444,0.06,229.756,0.078,680.168,430.542,,,10046024,37666.311,0
MED-arm,arm64,wireguard-udp,short-transfer,1.0,3,,,,,,,,,17.215,1.757,,,,,,,,,,,,,,,,,,,,,100.0,0.0,600,0.0,600,0.0,,,,,,,,,2.803,0.055,,,,,,,,,,,,,239327542.667,2724.204,,,,,,,172.547,0.132,239.978,7.293,908.044,490.229,,,9792460,190997.905,0
MED-arm,arm64,wireguard-udp,short-transfer,2.0,3,,,,,,,,,16.472,1.664,,,,,,,,,,,,,,,,,,,,,100.0,0.0,600,0.0,600,0.0,,,,,,,,,2.677,0.035,,,,,,,,,,,,,239337105.333,4073.164,,,,,,,172.46,0.258,400.326,52.147,1225.186,9.473,,,9712354.667,112495.847,0
MED-arm,arm64,wireguard-udp,short-transfer,3.0,3,,,,,,,,,,,,,,,,,,,,,,,,,,,,,,,100.0,0.0,600,0.0,600,0.0,,,,,,,,,2.336,0.072,,,,,,,,,,,,,239328241.333,7684.774,,,,,,,185.866,0.212,478.189,47.376,1253.444,18.456,,,9524694.667,204751.915,0
MED-arm,arm64,wireguard-udp,short-transfer,5.0,3,,,,,,,,,,,,,,,,,,,,,,,,,,,,,,,100.0,0.0,600,0.0,600,0.0,,,,,,,,,2.212,0.023,,,,,,,,,,,,,239339536,1461.194,,,,,,,186.838,0.216,1191.587,0.697,1292.528,21.313,,,9540086.667,147660.67,0
MED-arm,arm64,wireguard-udp,short-transfer,10.0,3,,,,,,,,,,,,,,,,,,,,,,,,,,,,,,,100.0,0.0,600,0.0,600,0.0,,,,,,,,,1.758,0.073,,,,,,,,,,,,,239376334.667,2345.38,,,,,,,189.284,1.531,1275.55,27.195,2006.628,278.626,,,9088128,125260.582,0
MED-arm,arm64,wireguard-udp,short-transfer,20.0,3,,,,,,,,,,,,,,,,,,,,,,,,,,,,,,,100.0,0.0,436,30.348,436,30.348,,,,,,,,,1.218,0.085,,,,,,,,,,,,,173982668,12104040.672,,,,,,,349.565,33.904,2082.094,413.371,3145.195,467.105,,,5849652,419449.335,0
MED-arm,arm64,wireguard-udp,ssh-interactive,0.0,3,,,,,,,,,0.895,0.043,,,,,,,,,,,,,,,,,,,,,,,,,,,100.0,0.0,,,,,,,,,,,,,,,,,,,,,0,0.0,,,,,,,,,,,,,,,5476,0.0,0
MED-arm,arm64,wireguard-udp,ssh-interactive,0.5,3,,,,,,,,,0.908,0.041,,,,,,,,,,,,,,,,,,,,,,,,,,,100.0,0.0,,,,,,,,,,,,,,,,,,,,,0,0.0,,,,,,,,,,,,,,,5476,0.0,0
MED-arm,arm64,wireguard-udp,ssh-interactive,1.0,3,,,,,,,,,0.954,0.052,,,,,,,,,,,,,,,,,,,,,,,,,,,100.0,0.0,,,,,,,,,,,,,,,,,,,,,0,0.0,,,,,,,,,,,,,,,5476,0.0,0
MED-arm,arm64,wireguard-udp,ssh-interactive,2.0,3,,,,,,,,,1.016,0.095,,,,,,,,,,,,,,,,,,,,,,,,,,,100.0,0.0,,,,,,,,,,,,,,,,,,,,,0,0.0,,,,,,,,,,,,,,,5426.667,85.448,0
MED-arm,arm64,wireguard-udp,ssh-interactive,3.0,3,,,,,,,,,0.92,0.035,,,,,,,,,,,,,,,,,,,,,,,,,,,100.0,0.0,,,,,,,,,,,,,,,,,,,,,0,0.0,,,,,,,,,,,,,,,5476,0.0,0
MED-arm,arm64,wireguard-udp,ssh-interactive,5.0,3,,,,,,,,,0.916,0.045,,,,,,,,,,,,,,,,,,,,,,,,,,,100.0,0.0,,,,,,,,,,,,,,,,,,,,,0,0.0,,,,,,,,,,,,,,,5476,0.0,0
MED-arm,arm64,wireguard-udp,ssh-interactive,10.0,3,,,,,,,,,0.901,0.035,,,,,,,,,,,,,,,,,,,,,,,,,,,100.0,0.0,,,,,,,,,,,,,,,,,,,,,0,0.0,,,,,,,,,,,,,,,5525.333,85.448,0
MED-arm,arm64,wireguard-udp,ssh-interactive,20.0,3,,,,,,,,,0.911,0.081,,,,,,,,,,,,,,,,,,,,,,,,,,,100.0,0.0,,,,,,,,,,,,,,,,,,,,,0,0.0,,,,,,,,,,,,,,,5476,0.0,0
MED-arm,arm64,wireguard-udp,web-mix,0.0,3,143.99,2.493,129.9,0.806,117.0,1.077,7.683,0.358,,,,,,,5000,0.0,0,0.0,5000,0.0,0,0.0,5000,0.0,0,0.0,5000,0.0,0,0.0,0.0,0.0,,,,,,,94.91,31.42,56.56,0.135,56.097,0.006,6726.62,274.928,2.472,1.969,,,,,,,,,,,1714024,12460.433,200.397,2.439,186.853,0.565,174.92,1.906,,,,,,,7.243,0.519,345461.333,24561.143,0
MED-arm,arm64,wireguard-udp,web-mix,0.5,3,223.747,128.098,132.31,0.803,118.04,1.512,17.8,15.119,,,,,,,5000,0.0,0,0.0,5000,0.0,0,0.0,5000,0.0,0,0.0,5000,0.0,0,0.0,0.0,0.0,,,,,,,351.847,54.623,58.32,1.209,56.11,0.0,5061.023,255.736,18.547,7.409,,,,,,,,,,,1702862.667,2595.042,280.227,128.215,189.09,0.869,175.42,1.204,,,,,,,17.543,15.272,341137.333,14863.251,0
MED-arm,arm64,wireguard-udp,web-mix,1.0,3,564.743,527.216,147.94,24.137,117.527,1.521,83.403,103.978,,,,,,,5000,0.0,0,0.0,5000,0.0,0,0.0,5000,0.0,0,0.0,5000,0.0,0,0.0,0.0,0.0,,,,,,,361.06,38.013,58.64,1.016,56.11,0.01,4147.003,1107.871,19.977,6.422,,,,,,,,,,,1709216,10408.452,619.067,523.563,206.223,22.832,175.107,2.376,,,,,,,85.403,102.702,341754.667,23127.58,0
MED-arm,arm64,wireguard-udp,web-mix,2.0,3,964.477,278.08,167.51,26.086,116.937,1.305,169.57,86.409,,,,,,,5000,0.0,0,0.0,5000,0.0,0,0.0,5000,0.0,0,0.0,5000,0.0,0,0.0,0.0,0.0,,,,,,,410.103,33.103,60.923,0.686,56.11,0.01,3284.76,740.742,27.587,0.515,,,,,,,,,,,1716674.667,22968.956,1023.36,280.013,227.59,27.173,174.083,1.442,,,,,,,169.953,85.289,353909.333,25566.68,0
MED-arm,arm64,wireguard-udp,web-mix,3.0,3,717.117,582.736,148.137,10.524,115.79,0.637,94.1,75.857,,,,,,,5000,0.0,0,0.0,5000,0.0,0,0.0,5000,0.0,0,0.0,5000,0.0,0,0.0,0.0,0.0,,,,,,,392.12,64.294,61.693,0.777,56.11,0.01,3730.47,1325.305,25.247,4.95,,,,,,,,,,,1722302.667,12756.534,774.77,584.768,207.953,14.36,172.883,1.078,,,,,,,94.543,76.151,363850.667,20746.03,0
MED-arm,arm64,wireguard-udp,web-mix,5.0,3,1150.0,26.458,167.173,12.492,116.2,0.826,185.813,36.252,,,,,,,5000,0.0,0,0.0,5000,0.0,0,0.0,5000,0.0,0,0.0,5000,0.0,0,0.0,0.0,0.0,,,,,,,623.903,213.299,68.91,0.518,56.12,0.0,2552.343,152.036,52.907,5.533,,,,,,,,,,,1707693.333,10547.064,1200.0,26.458,234.763,10.434,173.943,1.095,,,,,,,186.323,35.568,318538.667,6221.929,0
MED-arm,arm64,wireguard-udp,web-mix,10.0,3,1913.333,659.874,316.627,22.746,116.723,1.448,430.337,73.515,,,,,,,5000,0.0,0,0.0,5000,0.0,0,0.0,5000,0.0,0,0.0,5000,0.0,0,0.0,0.0,0.0,,,,,,,958.803,53.012,87.49,6.001,56.127,0.006,1830.647,391.799,91.777,13.528,,,,,,,,,,,1714453.333,11374.111,1973.333,659.874,403.517,19.108,174.24,0.902,,,,,,,434.163,78.485,326960,24263.529,0
MED-arm,arm64,wireguard-udp,web-mix,20.0,3,2580.0,535.63,411.523,52.403,118.16,1.794,594.397,127.502,,,,,,,5000,0.0,0,0.0,5000,0.0,0,0.0,5000,0.0,0,0.0,5000,0.0,0,0.0,0.0,0.0,,,,,,,3483.333,1215.415,132.07,8.186,56.13,0.0,1147.767,400.954,237.05,65.759,,,,,,,,,,,1725894.667,4424.706,3333.333,1071.557,590.723,71.873,175.227,1.907,,,,,,,691.393,165.909,318342.667,4023.691,0
MED-x64,x86_64,wireguard-tcp-fast,long-transfer,0.0,3,,,,,,,,,47.607,0.349,519.312,132.936,958.41,12.348,,,,,,,,,,,,,,,,,,,,,,,,,,,,,,,,,,,0,0.0,,,,,,,,,3009.333,85.448,,,,,,,,,,,,,,,0,0.0,0
MED-x64,x86_64,wireguard-tcp-fast,long-transfer,0.5,3,,,,,,,,,44.884,0.522,416.169,26.604,965.057,3.825,,,,,,,,,,,,,,,,,,,,,,,,,,,,,,,,,,,0,0.0,,,,,,,,,3058.667,85.448,,,,,,,,,,,,,,,0,0.0,0
MED-x64,x86_64,wireguard-tcp-fast,long-transfer,1.0,3,,,,,,,,,45.806,2.706,533.996,156.913,956.933,1.289,,,,,,,,,,,,,,,,,,,,,,,,,,,,,,,,,,,0,0.0,,,,,,,,,3058.667,85.448,,,,,,,,,,,,,,,0,0.0,0
MED-x64,x86_64,wireguard-tcp-fast,long-transfer,2.0,3,,,,,,,,,47.839,0.465,683.867,28.01,958.29,5.021,,,,,,,,,,,,,,,,,,,,,,,,,,,,,,,,,,,0,0.0,,,,,,,,,2960,0.0,,,,,,,,,,,,,,,0,0.0,0
MED-x64,x86_64,wireguard-tcp-fast,long-transfer,3.0,3,,,,,,,,,46.375,1.251,493.426,83.84,965.445,3.629,,,,,,,,,,,,,,,,,,,,,,,,,,,,,,,,,,,0,0.0,,,,,,,,,3009.333,85.448,,,,,,,,,,,,,,,0,0.0,0
MED-x64,x86_64,wireguard-tcp-fast,long-transfer,5.0,3,,,,,,,,,44.655,0.694,377.803,23.362,965.705,8.089,,,,,,,,,,,,,,,,,,,,,,,,,,,,,,,,,,,0,0.0,,,,,,,,,2960,0.0,,,,,,,,,,,,,,,0,0.0,0
MED-x64,x86_64,wireguard-tcp-fast,long-transfer,10.0,3,,,,,,,,,48.981,0.589,641.207,141.154,953.15,1.966,,,,,,,,,,,,,,,,,,,,,,,,,,,,,,,,,,,0,0.0,,,,,,,,,3058.667,85.448,,,,,,,,,,,,,,,0,0.0,0
MED-x64,x86_64,wireguard-tcp-fast,long-transfer,20.0,3,,,,,,,,,47.899,1.06,629.273,68.468,960.239,3.629,,,,,,,,,,,,,,,,,,,,,,,,,,,,,,,,,,,0,0.0,,,,,,,,,2960,0.0,,,,,,,,,,,,,,,0,0.0,0
MED-x64,x86_64,wireguard-tcp-fast,short-transfer,0.0,3,,,,,,,,,4.017,0.504,,,,,,,,,,,,,,,,,,,,,100.0,0.0,600,0.0,600,0.0,,,,,,,,,2.744,0.034,,,,,,,,,,,,,4306.667,1386.462,,,,,,,173.16,0.024,240.814,19.055,381.686,45.628,,,0,0.0,0
MED-x64,x86_64,wireguard-tcp-fast,short-transfer,0.5,3,,,,,,,,,3.766,0.106,,,,,,,,,,,,,,,,,,,,,100.0,0.0,600,0.0,600,0.0,,,,,,,,,2.751,0.009,,,,,,,,,,,,,5180,256.344,,,,,,,173.13,0.013,229.858,0.194,386.489,18.508,,,0,0.0,0
MED-x64,x86_64,wireguard-tcp-fast,short-transfer,1.0,3,,,,,,,,,3.651,0.019,,,,,,,,,,,,,,,,,,,,,100.0,0.0,600,0.0,600,0.0,,,,,,,,,2.735,0.013,,,,,,,,,,,,,4982.667,85.448,,,,,,,173.16,0.025,229.959,0.383,367.166,46.938,,,0,0.0,0
MED-x64,x86_64,wireguard-tcp-fast,short-transfer,2.0,3,,,,,,,,,3.688,0.053,,,,,,,,,,,,,,,,,,,,,100.0,0.0,600,0.0,600,0.0,,,,,,,,,2.736,0.031,,,,,,,,,,,,,5229.333,372.458,,,,,,,173.161,0.005,233.879,5.572,388.601,33.586,,,0,0.0,0
MED-x64,x86_64,wireguard-tcp-fast,short-transfer,3.0,3,,,,,,,,,3.695,0.101,,,,,,,,,,,,,,,,,,,,,100.0,0.0,600,0.0,600,0.0,,,,,,,,,2.734,0.011,,,,,,,,,,,,,5130.667,226.074,,,,,,,173.196,0.035,230.189,0.231,376.201,27.522,,,0,0.0,0
MED-x64,x86_64,wireguard-tcp-fast,short-transfer,5.0,3,,,,,,,,,4.19,0.896,,,,,,,,,,,,,,,,,,,,,100.0,0.0,600,0.0,600,0.0,,,,,,,,,2.751,0.023,,,,,,,,,,,,,4933.333,85.448,,,,,,,173.185,0.011,231.502,2.331,353.717,28.133,,,0,0.0,0
MED-x64,x86_64,wireguard-tcp-fast,short-transfer,10.0,3,,,,,,,,,3.739,0.06,,,,,,,,,,,,,,,,,,,,,100.0,0.0,600,0.0,600,0.0,,,,,,,,,2.737,0.021,,,,,,,,,,,,,5229.333,226.074,,,,,,,173.191,0.033,230.074,0.347,360.471,42.739,,,0,0.0,0
MED-x64,x86_64,wireguard-tcp-fast,short-transfer,20.0,3,,,,,,,,,3.757,0.027,,,,,,,,,,,,,,,,,,,,,100.0,0.0,600,0.0,600,0.0,,,,,,,,,2.738,0.025,,,,,,,,,,,,,5229.333,372.458,,,,,,,173.181,0.029,230.272,0.724,356.336,65.907,,,0,0.0,0
MED-x64,x86_64,wireguard-tcp-fast,ssh-interactive,0.0,3,,,,,,,,,1.926,0.095,,,,,,,,,,,,,,,,,,,,,,,,,,,0.0,0.0,,,,,,,,,,,,,192.488,4.514,14.744,1.442,59.036,0.442,56.221,0.029,1085.333,341.791,,,,,,,,,,,,,,,0,0.0,0
MED-x64,x86_64,wireguard-tcp-fast,ssh-interactive,0.5,3,,,,,,,,,1.939,0.07,,,,,,,,,,,,,,,,,,,,,,,,,,,0.0,0.0,,,,,,,,,,,,,198.398,7.473,15.509,1.052,59.361,0.432,56.241,0.004,1233.333,308.087,,,,,,,,,,,,,,,0,0.0,0
MED-x64,x86_64,wireguard-tcp-fast,ssh-interactive,1.0,3,,,,,,,,,1.923,0.14,,,,,,,,,,,,,,,,,,,,,,,,,,,0.0,0.0,,,,,,,,,,,,,227.195,32.567,16.59,1.602,59.655,0.653,56.222,0.008,1134.667,226.074,,,,,,,,,,,,,,,0,0.0,0
MED-x64,x86_64,wireguard-tcp-fast,ssh-interactive,2.0,3,,,,,,,,,1.998,0.363,,,,,,,,,,,,,,,,,,,,,,,,,,,0.0,0.0,,,,,,,,,,,,,210.749,12.44,16.275,1.028,59.574,0.463,56.244,0.012,1282.667,226.074,,,,,,,,,,,,,,,0,0.0,0
MED-x64,x86_64,wireguard-tcp-fast,ssh-interactive,3.0,3,,,,,,,,,1.995,0.442,,,,,,,,,,,,,,,,,,,,,,,,,,,0.0,0.0,,,,,,,,,,,,,230.011,32.974,15.643,5.003,59.342,1.446,56.245,0.01,1233.333,308.087,,,,,,,,,,,,,,,0,0.0,0
MED-x64,x86_64,wireguard-tcp-fast,ssh-interactive,5.0,3,,,,,,,,,1.814,0.409,,,,,,,,,,,,,,,,,,,,,,,,,,,0.0,0.0,,,,,,,,,,,,,211.033,21.64,14.882,3.068,59.0,1.007,56.245,0.024,1085.333,341.791,,,,,,,,,,,,,,,0,0.0,0
MED-x64,x86_64,wireguard-tcp-fast,ssh-interactive,10.0,3,,,,,,,,,2.003,0.462,,,,,,,,,,,,,,,,,,,,,,,,,,,0.0,0.0,,,,,,,,,,,,,221.727,22.895,16.94,2.867,59.698,1.011,56.236,0.02,1184,256.344,,,,,,,,,,,,,,,0,0.0,0
MED-x64,x86_64,wireguard-tcp-fast,ssh-interactive,20.0,3,,,,,,,,,2.0,0.208,,,,,,,,,,,,,,,,,,,,,,,,,,,0.0,0.0,,,,,,,,,,,,,208.426,18.472,16.085,1.442,59.538,0.48,56.221,0.025,1282.667,85.448,,,,,,,,,,,,,,,0,0.0,0
MED-x64,x86_64,wireguard-tcp-fast,web-mix,0.0,3,148.947,12.072,134.527,8.19,120.84,4.928,8.467,2.832,,,,,,,5000,0.0,0,0.0,5000,0.0,0,0.0,5000,0.0,0,0.0,5000,0.0,0,0.0,0.0,0.0,,,,,,,97.477,27.935,58.413,2.665,57.88,2.624,6517.123,77.802,1.623,0.878,,,,,,,,,,,0,0.0,207.503,14.96,193.667,10.855,180.7,7.749,,,,,,,8.143,3.125,0,0.0,0
MED-x64,x86_64,wireguard-tcp-fast,web-mix,0.5,3,152.567,0.371,140.667,1.405,125.51,0.217,7.543,0.175,,,,,,,5000,0.0,0,0.0,5000,0.0,0,0.0,5000,0.0,0,0.0,5000,0.0,0,0.0,0.0,0.0,,,,,,,83.063,32.318,61.747,0.274,60.9,0.01,6321.927,185.983,0.973,0.618,,,,,,,,,,,0,0.0,215.727,0.973,206.823,3.696,187.467,1.004,,,,,,,7.92,0.693,0,0.0,0
MED-x64,x86_64,wireguard-tcp-fast,web-mix,1.0,3,148.267,3.557,136.663,1.595,124.657,0.337,6.64,1.031,,,,,,,5000,0.0,0,0.0,5000,0.0,0,0.0,5000,0.0,0,0.0,5000,0.0,0,0.0,0.0,0.0,,,,,,,84.657,32.744,61.22,0.07,60.413,0.006,6403.08,248.35,0.989,0.341,,,,,,,,,,,0,0.0,209.29,3.633,198.743,1.44,186.213,0.996,,,,,,,6.583,1.412,0,0.0,0
MED-x64,x86_64,wireguard-tcp-fast,web-mix,2.0,3,153.493,6.426,140.447,2.125,126.197,0.211,8.47,2.601,,,,,,,5000,0.0,0,0.0,5000,0.0,0,0.0,5000,0.0,0,0.0,5000,0.0,0,0.0,0.0,0.0,,,,,,,83.47,33.796,61.223,0.452,60.427,0.012,6347.797,251.024,1.283,1.421,,,,,,,,,,,0,0.0,216.627,4.697,204.393,3.065,188.323,0.896,,,,,,,8.437,2.579,0,0.0,0
MED-x64,x86_64,wireguard-tcp-fast,web-mix,3.0,3,169.087,36.309,147.75,19.232,126.02,0.694,12.507,10.118,,,,,,,5000,0.0,0,0.0,5000,0.0,0,0.0,5000,0.0,0,0.0,5000,0.0,0,0.0,0.0,0.0,,,,,,,122.24,2.087,61.373,0.449,60.407,0.015,6020.103,190.727,2.543,1.334,,,,,,,,,,,0,0.0,244.08,60.796,211.39,22.893,188.383,1.775,,,,,,,14.243,13.802,0,0.0,0
MED-x64,x86_64,wireguard-tcp-fast,web-mix,5.0,3,154.627,7.055,140.14,1.949,125.187,1.301,8.553,2.376,,,,,,,5000,0.0,0,0.0,5000,0.0,0,0.0,5000,0.0,0,0.0,5000,0.0,0,0.0,0.0,0.0,,,,,,,121.967,1.42,61.427,0.163,60.42,0.01,6142.093,95.488,2.113,0.529,,,,,,,,,,,41.333,71.591,216.6,6.278,203.51,4.341,187.863,3.048,,,,,,,7.883,2.379,0,0.0,0
MED-x64,x86_64,wireguard-tcp-fast,web-mix,10.0,3,150.267,2.724,138.247,3.263,124.583,0.826,7.39,0.722,,,,,,,5000,0.0,0,0.0,5000,0.0,0,0.0,5000,0.0,0,0.0,5000,0.0,0,0.0,0.0,0.0,,,,,,,103.397,34.479,61.367,0.503,60.42,0.0,6221.61,301.432,2.708,1.997,,,,,,,,,,,0,0.0,212.113,4.124,201.84,6.548,186.15,0.312,,,,,,,7.48,1.061,0,0.0,0
MED-x64,x86_64,wireguard-tcp-fast,web-mix,20.0,3,151.78,4.625,138.133,1.675,124.853,1.314,8.163,1.67,,,,,,,5000,0.0,0,0.0,5000,0.0,0,0.0,5000,0.0,0,0.0,5000,0.0,0,0.0,0.0,0.0,,,,,,,103.883,33.651,61.323,0.25,60.42,0.026,6187.397,297.137,2.305,1.388,,,,,,,,,,,0,0.0,214.24,5.736,200.61,2.238,186.19,1.064,,,,,,,8.873,1.95,0,0.0,0
MED-x64,x86_64,wireguard-udp,long-transfer,0.0,3,,,,,,,,,44.781,2.301,428.864,22.953,981.241,1.514,,,,,,,,,,,,,,,,,,,,,,,,,,,,,,,,,,,0,0.0,,,,,,,,,47565578.667,7375793.773,,,,,,,,,,,,,,,12439823961.333,330504001.897,0
MED-x64,x86_64,wireguard-udp,long-transfer,0.5,3,,,,,,,,,37.429,1.545,17.366,0.751,972.776,6.672,,,,,,,,,,,,,,,,,,,,,,,,,,,,,,,,,,,0,0.0,,,,,,,,,4324938.667,444892.682,,,,,,,,,,,,,,,8715097064,43651561.521,0
MED-x64,x86_64,wireguard-udp,long-transfer,1.0,3,,,,,,,,,38.358,1.395,11.709,0.261,965.84,1.103,,,,,,,,,,,,,,,,,,,,,,,,,,,,,,,,,,,0,0.0,,,,,,,,,2820292,245497.787,,,,,,,,,,,,,,,8609878993.333,25079146.745,0
MED-x64,x86_64,wireguard-udp,long-transfer,2.0,3,,,,,,,,,36.783,0.727,7.752,0.114,954.798,3.056,,,,,,,,,,,,,,,,,,,,,,,,,,,,,,,,,,,0,0.0,,,,,,,,,1779173.333,59565.634,,,,,,,,,,,,,,,8458385397.333,2651875.462,0
MED-x64,x86_64,wireguard-udp,long-transfer,3.0,3,,,,,,,,,37.509,0.835,5.942,0.162,954.47,9.197,,,,,,,,,,,,,,,,,,,,,,,,,,,,,,,,,,,0,0.0,,,,,,,,,1544566.667,227758.05,,,,,,,,,,,,,,,8354797793.333,1737865.558,0
MED-x64,x86_64,wireguard-udp,long-transfer,5.0,3,,,,,,,,,35.873,1.176,3.928,0.07,927.615,5.017,,,,,,,,,,,,,,,,,,,,,,,,,,,,,,,,,,,0,0.0,,,,,,,,,1092148,43536.082,,,,,,,,,,,,,,,8164978905.333,105404.671,0
MED-x64,x86_64,wireguard-udp,long-transfer,10.0,3,,,,,,,,,24.3,20.343,2.246,0.106,879.988,0.161,,,,,,,,,,,,,,,,,,,,,,,,,,,,,,,,,,,0,0.0,,,,,,,,,721066.667,14416.089,,,,,,,,,,,,,,,5154867289.333,4446418128.606,0
MED-x64,x86_64,wireguard-udp,long-transfer,20.0,3,,,,,,,,,34.748,1.385,1.018,0.036,782.095,2.944,,,,,,,,,,,,,,,,,,,,,,,,,,,,,,,,,,,0,0.0,,,,,,,,,405998.667,11995.011,,,,,,,,,,,,,,,6856538228,766102.018,0
MED-x64,x86_64,wireguard-udp,short-transfer,0.0,3,,,,,,,,,16.703,0.272,,,,,,,,,,,,,,,,,,,,,100.0,0.0,600,0.0,600,0.0,,,,,,,,,2.887,0.034,,,,,,,,,,,,,239313800,3038.286,,,,,,,173.848,0.06,230.508,0.488,272.689,35.637,,,8501038.667,201217.893,0
MED-x64,x86_64,wireguard-udp,short-transfer,0.5,3,,,,,,,,,16.62,2.197,,,,,,,,,,,,,,,,,,,,,100.0,0.0,600,0.0,600,0.0,,,,,,,,,2.804,0.019,,,,,,,,,,,,,239322785.333,4970.353,,,,,,,173.97,0.075,247.78,0.158,413.856,42.423,,,8232109.333,76453.167,0
MED-x64,x86_64,wireguard-udp,short-transfer,1.0,3,,,,,,,,,15.982,1.474,,,,,,,,,,,,,,,,,,,,,100.0,0.0,600,0.0,600,0.0,,,,,,,,,2.688,0.02,,,,,,,,,,,,,239320929.333,674.357,,,,,,,173.965,0.063,290.492,10.237,1207.417,5.063,,,8358994.667,94568.07,0
MED-x64,x86_64,wireguard-udp,short-transfer,2.0,3,,,,,,,,,13.846,0.245,,,,,,,,,,,,,,,,,,,,,100.0,0.0,600,0.0,600,0.0,,,,,,,,,2.636,0.045,,,,,,,,,,,,,239331242.667,1885.152,,,,,,,173.884,0.155,343.657,4.068,1208.638,23.335,,,8341736,176221.28,0
MED-x64,x86_64,wireguard-udp,short-transfer,3.0,3,,,,,,,,,4.931,4.651,,,,,,,,,,,,,,,,,,,,,100.0,0.0,600,0.0,600,0.0,,,,,,,,,2.464,0.078,,,,,,,,,,,,,239334268,4053.001,,,,,,,172.707,0.444,457.933,39.525,1228.21,6.9,,,7479469.333,258736.685,0
MED-x64,x86_64,wireguard-udp,short-transfer,5.0,3,,,,,,,,,2.114,0.053,,,,,,,,,,,,,,,,,,,,,100.0,0.0,600,0.0,600,0.0,,,,,,,,,2.209,0.024,,,,,,,,,,,,,239348908,5912.567,,,,,,,173.205,0.111,1189.675,6.116,1327.203,51.824,,,7208278.667,137863.97,0
MED-x64,x86_64,wireguard-udp,short-transfer,10.0,3,,,,,,,,,2.222,0.531,,,,,,,,,,,,,,,,,,,,,100.0,0.0,600,0.0,600,0.0,,,,,,,,,1.888,0.022,,,,,,,,,,,,,239373410.667,2841.57,,,,,,,173.679,0.252,1227.472,20.885,1848.725,415.111,,,6920592,51068.712,0
MED-x64,x86_64,wireguard-udp,short-transfer,20.0,3,,,,,,,,,1.454,0.043,,,,,,,,,,,,,,,,,,,,,100.0,0.0,600,0.0,600,0.0,,,,,,,,,1.208,0.047,,,,,,,,,,,,,239445960,10649.025,,,,,,,330.286,23.421,2287.145,27.72,3200.704,489.164,,,6204574.667,111798.705,0
MED-x64,x86_64,wireguard-udp,ssh-interactive,0.0,3,,,,,,,,,0.874,0.231,,,,,,,,,,,,,,,,,,,,,,,,,,,0.0,0.0,,,,,,,,,,,,,192.836,0.49,9.412,2.685,57.595,0.537,56.233,0.015,132072,103.923,,,,,,,,,,,,,,,132202.667,53.116,0
MED-x64,x86_64,wireguard-udp,ssh-interactive,0.5,3,,,,,,,,,0.817,0.205,,,,,,,,,,,,,,,,,,,,,,,,,,,0.433,0.252,,,,,,,,,,,,,191.258,12.456,11.296,2.081,57.988,0.434,56.21,0.02,131577.333,246.587,,,,,,,,,,,,,,,131678.667,281.264,0
MED-x64,x86_64,wireguard-udp,ssh-interactive,1.0,3,,,,,,,,,0.716,0.172,,,,,,,,,,,,,,,,,,,,,,,,,,,0.967,0.513,,,,,,,,,,,,,188.762,23.876,10.443,1.488,57.821,0.297,56.217,0.008,130834.667,641.502,,,,,,,,,,,,,,,130965.333,646.966,0
MED-x64,x86_64,wireguard-udp,ssh-interactive,2.0,3,,,,,,,,,0.825,0.129,,,,,,,,,,,,,,,,,,,,,,,,,,,2.233,0.462,,,,,,,,,,,,,198.996,4.937,11.383,1.959,57.945,0.361,56.208,0.023,129273.333,649.435,,,,,,,,,,,,,,,129374.667,619.475,0
MED-x64,x86_64,wireguard-udp,ssh-interactive,3.0,3,,,,,,,,,0.675,0.165,,,,,,,,,,,,,,,,,,,,,,,,,,,3.4,0.5,,,,,,,,,,,,,198.352,1.74,12.686,2.233,58.221,0.546,56.226,0.011,127784,832.951,,,,,,,,,,,,,,,127850.667,686.514,0
MED-x64,x86_64,wireguard-udp,ssh-interactive,5.0,3,,,,,,,,,0.818,0.182,,,,,,,,,,,,,,,,,,,,,,,,,,,4.6,0.436,,,,,,,,,,,,,186.211,10.845,10.699,2.697,57.848,0.589,56.214,0.005,126244,606.775,,,,,,,,,,,,,,,126345.333,581.093,0
MED-x64,x86_64,wireguard-udp,ssh-interactive,10.0,3,,,,,,,,,0.683,0.118,,,,,,,,,,,,,,,,,,,,,,,,,,,9.733,0.651,,,,,,,,,,,,,199.716,1.286,12.416,0.834,58.203,0.178,56.222,0.008,119645.333,882.69,,,,,,,,,,,,,,,119712,886.332,0
MED-x64,x86_64,wireguard-udp,ssh-interactive,20.0,3,,,,,,,,,0.805,0.175,,,,,,,,,,,,,,,,,,,,,,,,,,,21.167,0.929,,,,,,,,,,,,,196.803,1.104,12.712,0.446,58.164,0.233,56.235,0.025,105038.667,1204.899,,,,,,,,,,,,,,,105012,1108.881,0
MED-x64,x86_64,wireguard-udp,web-mix,0.0,3,149.36,1.204,137.973,1.61,126.407,1.624,6.867,0.404,,,,,,,5000,0.0,0,0.0,5000,0.0,0,0.0,5000,0.0,0,0.0,5000,0.0,0,0.0,0.0,0.0,,,,,,,85.173,31.789,61.507,0.121,60.903,0.012,6396.237,218.721,0.94,0.535,,,,,,,,,,,1707017.333,8462.331,210.797,1.222,200.483,2.051,189.507,1.941,,,,,,,6.577,0.523,332821.333,16374.875,0
MED-x64,x86_64,wireguard-udp,web-mix,0.5,3,482.087,587.099,140.66,15.729,123.953,5.831,52.32,79.371,10.05,0,,,,,5000,0.0,0,0.0,5000,0.0,0,0.0,5000,0.0,0,0.0,5000,0.0,0,0.0,0.0,0.0,,,,,,,314.96,113.712,60.843,2.657,59.327,2.734,4113.89,1130.33,10.64,2.063,,,,,,,,,,,1724388,11374.498,541.563,587.569,202.06,19.103,184.703,8.609,,,,,,,52.213,79.871,357349.333,16041.046,0
MED-x64,x86_64,wireguard-udp,web-mix,1.0,3,881.593,439.169,206.127,103.58,167.547,84.98,100.487,57.64,16.76,8.599,,,,,5000,0.0,0,0.0,5000,0.0,0,0.0,5000,0.0,0,0.0,5000,0.0,0,0.0,0.0,0.0,,,,,,,384.56,60.478,60.733,1.478,56.18,0.017,3339.87,712.783,20.92,6.963,,,,,,,,,,,1738705.333,34837.048,940.433,441.177,288.597,121.937,253.317,130.028,,,,,,,98.82,53.361,377054.667,61314.727,0
MED-x64,x86_64,wireguard-udp,web-mix,2.0,3,647.61,443.827,141.053,10.812,116.353,1.306,75.067,64.489,10.957,2.744,,,,,5000,0.0,0,0.0,5000,0.0,0,0.0,5000,0.0,0,0.0,5000,0.0,0,0.0,0.0,0.0,,,,,,,456.64,160.68,61.9,0.318,56.163,0.006,3872.48,893.694,31.857,4.085,,,,,,,,,,,1728290.667,22356.344,705.333,445.796,202.273,9.573,173.657,1.639,,,,,,,77.96,61.921,354218.667,29300.13,0
MED-x64,x86_64,wireguard-udp,web-mix,3.0,3,1150.0,26.458,178.303,26.693,116.417,0.552,212.26,56.814,6.88,2.552,,,,,5000,0.0,0,0.0,5000,0.0,0,0.0,5000,0.0,0,0.0,5000,0.0,0,0.0,0.0,0.0,,,,,,,436.137,95.72,64.95,1.602,56.173,0.012,2551.187,332.017,38.38,10.112,,,,,,,,,,,1721317.333,5760.741,1206.667,23.094,244.88,26.861,173.39,0.728,,,,,,,212.38,55.825,349658.667,9920.985,0
MED-x64,x86_64,wireguard-udp,web-mix,5.0,3,877.993,427.857,155.677,18.476,116.29,0.785,135.26,70.997,9.457,0.695,,,,,5000,0.0,0,0.0,5000,0.0,0,0.0,5000,0.0,0,0.0,5000,0.0,0,0.0,0.0,0.0,,,,,,,717.48,383.624,69.843,2.87,56.173,0.015,2754.42,94.366,55.0,14.56,,,,,,,,,,,1732362.667,12483.106,937.013,429.555,221.897,17.165,174.503,0.379,,,,,,,138.843,69.483,345402.667,11714.43,0
MED-x64,x86_64,wireguard-udp,web-mix,10.0,3,1326.667,271.355,234.997,45.437,116.17,0.63,289.153,71.61,4.59,0.017,,,,,5000,0.0,0,0.0,5000,0.0,0,0.0,5000,0.0,0,0.0,5000,0.0,0,0.0,0.0,0.0,,,,,,,854.963,244.271,84.78,5.689,56.173,0.006,2153.327,98.0,78.297,14.788,,,,,,,,,,,1724260,10941.16,1386.667,271.355,333.873,70.117,173.577,0.977,,,,,,,300.2,83.104,342218.667,11124.331,0
MED-x64,x86_64,wireguard-udp,web-mix,20.0,3,2020.0,545.252,459.59,15.754,121.463,4.397,514.563,68.665,4.326,3.91,,,,,5000,0.0,0,0.0,5000,0.0,0,0.0,5000,0.0,0,0.0,5000,0.0,0,0.0,0.0,0.0,,,,,,,2863.333,1270.525,141.977,7.662,56.18,0.01,1008.69,324.589,224.393,48.377,,,,,,,,,,,1734513.333,11092.542,2246.667,517.912,605.97,14.977,192.257,25.254,,,,,,,552.463,62.822,311332,15472.343,0
